OBJECTID,Type,IsConcealed,LocationConfidenceMeters,ExistenceConfidence,IdentityConfidence,Symbol,Label,DataSourceID,Notes,ContactsAndFaults_ID,Shape_Length
"1",contact,N,"5",certain,certain,01.01.01,,DAS1,Aerial Photo,CAF0001,"953.2627697717322"
"2",contact,N,"5",certain,certain,01.01.01,,DAS1,Aerial Photo,CAF0002,"2181.618368185179"
"3",contact,N,"5",certain,certain,01.01.01,,DAS1,Aerial Photo,CAF0003,"1246.547962764528"
"4",contact,N,"5",certain,certain,01.01.01,,DAS1,Aerial Photo,CAF0004,"691.3018659674996"
"5",fault,N,"5",certain,certain,02.01.03,,DAS1,Aerial Photo,CAF0005,"414.9225241153478"
"6",fault,N,"5",certain,certain,02.01.01,,DAS1,Aerial Photo,CAF0006,"5493.508020768674"
"7",contact,N,"5",certain,certain,01.01.01,,DAS1,Field,CAF0007,"800.1988688275547"
"8",fault,N,"5",certain,certain,02.01.01,,DAS1,Aerial Photo,CAF0008,"142.1084054633887"
"9",fault,N,"5",certain,certain,02.01.01,,DAS1,Aerial Photo,CAF0009,"147.7617867177573"
"10",contact,N,"5",certain,certain,01.01.01,,DAS1,Lidar,CAF0010,"2128.910335213763"
"11",fault,N,"5",certain,certain,02.01.01,,DAS1,Aerial Photo,CAF0011,"530.9717264239514"
"12",contact,N,"5",certain,certain,01.01.01,,DAS1,Lidar,CAF0012,"6888.16634541008"
"13",fault,Y,"5",questionable,questionable,02.01.07,,DAS1,Aerial Photo,CAF0013,"306.2024575994059"
"14",fault,N,"5",certain,certain,02.01.01,,DAS1,Aerial Photo,CAF0014,"190.8569363358357"
"15",fault,N,"5",certain,certain,02.01.01,,DAS1,Aerial Photo,CAF0015,"613.9843268809743"
"16",contact,N,"5",certain,certain,01.01.01,,DAS1,Lidar,CAF0016,"147.3335295841862"
"17",fault,N,"5",certain,certain,02.01.01,,DAS1,Aerial Photo,CAF0017,"754.1780959118255"
"18",fault,N,"5",certain,certain,02.01.01,,DAS1,Lidar,CAF0018,"400.5284288700595"
"19",contact,N,"5",certain,certain,01.01.01,,DAS1,Lidar,CAF0019,"704.39679376434"
"20",contact,N,"5",certain,certain,01.01.01,,DAS1,Lidar,CAF0020,"1211.629256375064"
"21",fault,N,"5",certain,certain,02.01.01,,DAS1,Aerial Photo,CAF0021,"827.8520611182619"
"22",fault,N,"5",certain,certain,02.01.01,,DAS1,Aerial Photo,CAF0022,"412.3184098111882"
"23",fault,N,"5",certain,certain,02.01.01,,DAS1,Aerial Photo,CAF0023,"318.4249403418724"
"24",contact,N,"5",certain,certain,01.01.01,,DAS1,Aerial Photo,CAF0024,"920.5004458485096"
"25",contact,N,"5",certain,certain,01.01.01,,DAS1,Aerial Photo,CAF0025,"1024.241827028672"
"26",contact,N,"5",certain,certain,01.01.01,,DAS1,Aerial Photo,CAF0026,"15029.97482473747"
"27",fault,N,"5",certain,certain,02.01.01,,DAS1,Field,CAF0027,"2373.945511755383"
"28",fault,N,"5",certain,certain,02.01.01,,DAS1,Aerial Photo,CAF0028,"82.11145635276986"
"29",fault,N,"5",certain,certain,02.01.01,,DAS1,Aerial Photo,CAF0029,"235.4104830672019"
"30",fault,N,"5",certain,certain,02.01.01,,DAS1,Aerial Photo,CAF0030,"334.2444266005173"
"31",fault,Y,"10",questionable,questionable,02.01.07,,DAS1,Aerial Photo,CAF0031,"58.44012033967208"
"32",contact,N,"5",certain,certain,01.01.01,,DAS1,Aerial Photo,CAF0032,"1323.880973919027"
"33",contact,N,"5",certain,certain,01.01.01,,DAS1,Aerial Photo,CAF0033,"16222.72162760104"
"34",contact,N,"5",certain,certain,01.01.01,,DAS1,Aerial Photo,CAF0034,"307.164285464188"
"35",fault,N,"5",certain,certain,02.01.01,,DAS1,Aerial Photo,CAF0035,"183.746357990367"
"36",contact,N,"5",certain,certain,01.01.01,,DAS1,Aerial Photo,CAF0036,"944.90631872008"
"37",fault,N,"5",certain,certain,02.01.01,,DAS1,Aerial Photo,CAF0037,"308.4740768267955"
"38",fault,N,"5",certain,certain,02.01.01,,DAS1,Aerial Photo,CAF0038,"308.3298709252761"
"39",contact,N,"5",certain,certain,01.01.01,,DAS1,Lidar,CAF0039,"467.1303784514141"
"40",contact,N,"5",certain,certain,01.01.01,,DAS1,Aerial Photo,CAF0040,"1365.790568327038"
"41",contact,N,"5",certain,certain,01.01.01,,DAS1,Lidar,CAF0041,"69.70804553961325"
"42",contact,N,"5",certain,certain,01.01.01,,DAS1,Lidar,CAF0042,"1516.744497793544"
"43",contact,N,"5",certain,certain,01.01.01,,DAS1,Lidar,CAF0043,"1720.522977177294"
"44",contact,N,"5",certain,certain,01.01.01,,DAS1,Aerial Photo,CAF0044,"631.618281233486"
"45",contact,N,"5",certain,certain,01.01.01,,DAS1,Aerial Photo,CAF0045,"670.3047502388645"
"46",contact,N,"5",certain,certain,01.01.01,,DAS1,Aerial Photo,CAF0046,"1407.312130678221"
"47",fault,N,"10",certain,certain,02.01.01,,DAS1,Aerial Photo,CAF0047,"2164.141902052128"
"48",fault,N,"5",questionable,questionable,02.01.03,,DAS1,Aerial Photo,CAF0048,"791.3775750951335"
"49",fault,N,"5",certain,certain,02.01.01,,DAS1,Aerial Photo,CAF0049,"773.9095336909061"
"50","fault, thrust",N,"5",certain,certain,02.08.01,,DAS1,Aerial Photo,CAF0050,"2104.683201917795"
"51","fault, thrust",N,"5",certain,certain,02.08.01,,DAS1,Aerial Photo,CAF0051,"836.6917648237518"
"52",fault,N,"5",certain,certain,02.01.07,,DAS1,Aerial Photo,CAF0052,"182.0668260018989"
"53",contact,N,"5",certain,certain,01.01.01,,DAS1,,CAF0053,"1130.838830190954"
"54",contact,N,"5",certain,certain,01.01.01,,DAS1,,CAF0054,"1269.225477000236"
"55",fault,N,"5",certain,certain,02.01.01,,DAS1,Aerial Photo,CAF0055,"1973.886886480409"
"56",contact,N,"5",certain,certain,01.01.01,,DAS1,,CAF0056,"391.2857812267527"
"57",fault,N,"25",certain,certain,02.01.05,,DAS1,,CAF0057,"375.2102636042277"
"58",contact,N,"5",certain,certain,01.01.01,,DAS1,Field,CAF0058,"727.5392222431906"
"59","fault, thrust",N,"10",certain,certain,02.08.01,,DAS1,Aerial Photo,CAF0059,"152.367916145594"
"60",fault,N,"5",certain,certain,02.01.01,,DAS1,Field,CAF0060,"66.00301758260176"
"61",fault,N,"10",questionable,questionable,02.01.03,,DAS1,Aerial Photo,CAF0061,"1514.35593966782"
"62",contact,N,"5",certain,certain,01.01.01,,DAS1,Aerial Photo,CAF0062,"110.3670013628272"
"63",contact,N,"5",certain,certain,01.01.03,,DAS1,,CAF0063,"599.6173327732995"
"64",contact,N,"5",certain,certain,01.01.01,,DAS1,,CAF0064,"1076.488092961826"
"65",contact,N,"5",certain,certain,01.01.01,,DAS1,,CAF0065,"2096.461029967216"
"66",fault,N,"5",certain,certain,02.01.01,,DAS1,Aerial Photo/Field,CAF0066,"452.592877428747"
"67",fault,Y,"5",certain,certain,02.01.07,,DAS1,Aerial Photo/Field,CAF0067,"124.4161220536926"
"68",contact,N,"5",certain,certain,01.01.01,,DAS1,,CAF0068,"1851.721305886469"
"69",contact,N,"5",certain,certain,01.01.01,,DAS1,,CAF0069,"1232.646699370482"
"70",contact,N,"5",certain,certain,01.01.01,,DAS1,,CAF0070,"1680.464636737627"
"71",contact,N,"5",certain,certain,01.01.01,,DAS1,,CAF0071,"455.2264552715471"
"72",fault,N,"5",certain,certain,02.01.01,,DAS1,,CAF0072,"2697.628463409119"
"73","fault, thrust",N,"5",certain,questionable,02.08.01,,DAS1,,CAF0073,"1472.485676279087"
"74",contact,N,"5",certain,certain,01.01.01,,DAS1,,CAF0074,"1595.553978564564"
"75",fault,N,"5",certain,certain,02.01.01,,DAS1,,CAF0075,"1199.965315217752"
"76",fault,N,"5",certain,certain,02.01.01,,DAS1,,CAF0076,"119.5466645352149"
"77",contact,N,"5",certain,certain,01.01.01,,DAS1,,CAF0077,"626.1279080671252"
"78",contact,N,"5",certain,certain,01.01.01,,DAS1,,CAF0078,"445.2443494971533"
"79",fault,Y,"5",certain,certain,02.01.07,,DAS1,,CAF0079,"221.2362389470449"
"80",fault,N,"5",certain,certain,02.01.01,,DAS1,,CAF0080,"874.1106722375332"
"81",fault,N,"5",certain,certain,02.01.01,,DAS1,,CAF0081,"758.0691717587902"
"82",contact,N,"5",certain,certain,01.01.01,,DAS1,,CAF0082,"646.9769723732276"
"83",contact,N,"5",certain,certain,01.01.01,,DAS1,,CAF0083,"150.4635476487142"
"84",fault,N,"10",certain,questionable,02.01.03,,DAS1,,CAF0084,"908.9500526046068"
"85",map boundary,N,"1",certain,certain,"31.08",,DAS1,,CAF0085,"123298.0577987187"
"86",fault,N,"5",certain,certain,02.06.01,,DAS1,Aerial Photo,CAF0086,"2528.16244300645"
"87",fault,N,"10",certain,certain,02.01.01,,DAS1,Lidar,CAF0087,"699.5977538522382"
"88",fault,N,"10",certain,certain,02.06.03,,DAS1,Lidar,CAF0088,"1214.007528438046"
"89",fault,N,"5",certain,certain,02.01.01,,DAS1,Aerial Photo,CAF0089,"556.3789695917648"
"90",fault,N,"5",certain,certain,02.01.01,,DAS1,Aerial Photo,CAF0090,"754.4532128187922"
"91",fault,N,"5",certain,certain,02.01.01,,DAS1,Aerial Photo,CAF0091,"1879.775376675109"
"92",fault,N,"5",certain,certain,02.01.01,,DAS1,Aerial Photo,CAF0092,"4869.259079953996"
"93",contact,N,"5",certain,certain,01.01.01,,DAS1,Aerial Photo,CAF0093,"602.3881795984206"
"94",contact,N,"5",certain,certain,01.01.01,,DAS1,Aerial Photo,CAF0094,"808.4796496075785"
"95",contact,N,"5",certain,certain,01.01.01,,DAS1,Aerial Photo,CAF0095,"523.2448075783253"
"96",contact,N,"5",certain,certain,01.01.01,,DAS1,Aerial Photo,CAF0096,"839.1454757591125"
"97",contact,N,"5",certain,certain,01.01.01,,DAS1,Aerial Photo,CAF0097,"611.2349922483237"
"98",contact,N,"5",certain,certain,01.01.01,,DAS1,Aerial Photo,CAF0098,"625.7527273202132"
"99",contact,N,"5",certain,certain,01.01.01,,DAS1,Aerial Photo,CAF0099,"618.3129829408105"
"100",contact,N,"5",certain,certain,01.01.01,,DAS1,Aerial Photo,CAF0100,"587.3343898256286"
"101",contact,N,"5",certain,certain,01.01.01,,DAS1,Aerial Photo,CAF0101,"481.2005077879667"
"102",contact,N,"5",certain,certain,01.01.01,,DAS1,Aerial Photo,CAF0102,"539.4726985627403"
"103",contact,N,"5",certain,certain,01.01.01,,DAS1,Aerial Photo,CAF0103,"469.7747226444914"
"104",contact,N,"5",certain,certain,01.01.01,,DAS1,Aerial Photo,CAF0104,"827.1974077568128"
"105",contact,N,"5",certain,certain,01.01.01,,DAS1,Aerial Photo,CAF0105,"531.6134520399423"
"106",contact,N,"5",certain,certain,01.01.01,,DAS1,Aerial Photo,CAF0106,"709.567377979687"
"107",contact,N,"5",certain,certain,01.01.01,,DAS1,Aerial Photo,CAF0107,"581.4790318758269"
"108",fault,N,"5",certain,certain,02.01.01,,DAS1,Aerial Photo,CAF0108,"803.71474329783"
"109",fault,N,"5",certain,certain,02.01.03,,DAS1,Aerial Photo,CAF0109,"1114.820977582279"
"110",fault,N,"5",certain,certain,02.01.03,,DAS1,Aerial Photo,CAF0110,"232.8335361512897"
"111",fault,N,"5",certain,certain,02.01.03,,DAS1,Aerial Photo,CAF0111,"663.6555031766746"
"112",fault,N,"5",certain,certain,02.01.03,,DAS1,Aerial Photo,CAF0112,"586.2051758808402"
"113",waterline,N,"5",certain,certain,"15.02",,DAS1,,CAF0113,"1205.572582877141"
"114",contact,N,"5",certain,certain,01.01.01,,DAS1,,CAF0114,"9353.729774221725"
"115",fault,N,"5",certain,certain,02.01.01,,DAS1,,CAF0115,"2731.376979350042"
"116",fault,N,"10",certain,certain,02.01.01,,DAS1,,CAF0116,"1952.929594212109"
"117",contact,N,"5",certain,certain,01.01.01,,DAS1,,CAF0117,"985.6735699686586"
"118",contact,N,"10",certain,certain,01.01.01,,DAS4,,CAF0118,"7448.848319461311"
"119",fault,N,"5",certain,certain,02.01.01,,DAS1,,CAF0119,"1250.774157814656"
"120",fault,N,"5",certain,certain,02.01.01,,DAS1,,CAF0120,"1112.53578199852"
"121",contact,N,"25",certain,certain,01.01.01,,DAS3,,CAF0121,"3300.599604297776"
"122",contact,N,"5",certain,certain,01.01.01,,DAS1,,CAF0122,"2123.424499511075"
"123",contact,N,"5",certain,certain,01.01.01,,DAS1,,CAF0123,"1617.051179075617"
"124",fault,N,"5",certain,certain,02.01.01,,DAS1,,CAF0124,"1140.94830316038"
"125",fault,N,"10",certain,certain,02.01.03,,DAS1,,CAF0125,"834.1059151929338"
"126",contact,N,"10",certain,certain,01.01.01,,DAS1,,CAF0126,"4257.33922330744"
"127",fault,N,"10",certain,certain,02.01.01,,DAS3,,CAF0127,"4125.08283162632"
"128",fault,N,"10",certain,certain,02.01.01,,DAS3,,CAF0128,"3236.456625594271"
"129",fault,N,"10",certain,certain,02.01.01,,DAS1,,CAF0129,"1366.95606287781"
"130",fault,N,"10",certain,certain,02.01.01,,DAS1,,CAF0130,"726.4270280151216"
"131",contact,N,"25",certain,certain,01.01.01,,DAS3,,CAF0131,"1805.476998902497"
"132",fault,N,"10",certain,certain,02.01.01,,DAS3,,CAF0132,"922.229263235988"
"133",fault,N,"5",certain,certain,02.01.03,,DAS1,,CAF0133,"108.4461298852651"
"134",contact,N,"5",certain,certain,01.01.01,,DAS1,,CAF0134,"1062.63805199086"
"135","fault, thrust",N,"5",certain,certain,02.08.01,,DAS1,,CAF0135,"801.3873925010363"
"136","fault, normal",N,"10",certain,certain,02.02.01,,DAS1,,CAF0136,"571.9893672676204"
"137",fault,N,"10",certain,certain,02.01.01,,DAS1,,CAF0137,"400.3692459132153"
"138",fault,N,"10",certain,certain,02.01.01,,DAS1,,CAF0138,"1547.958256868833"
"139",contact,N,"5",certain,certain,01.01.01,,DAS1,,CAF0139,"476.7590100864899"
"140",fault,N,"5",certain,certain,02.01.01,,DAS1,,CAF0140,"134.574335658869"
"141",fault,N,"5",certain,certain,02.01.01,,DAS3,,CAF0141,"122.6870331887818"
"142",fault,N,"10",certain,certain,02.01.01,,DAS3,,CAF0142,"1353.804991860368"
"143",contact,N,"10",certain,certain,01.01.01,,DAS3,,CAF0143,"1169.222918894955"
"144",contact,N,"10",certain,certain,01.01.01,,DAS3,,CAF0144,"175.4119568095968"
"145",contact,N,"10",certain,certain,01.01.01,,DAS3,,CAF0145,"229.1424528117057"
"146",fault,N,"10",certain,certain,02.01.01,,DAS1,,CAF0146,"260.0705448863143"
"147",contact,N,"5",certain,certain,01.01.01,,DAS1,,CAF0147,"1713.031218496935"
"148",fault,N,"5",certain,certain,02.01.01,,DAS1,,CAF0148,"608.4967705286783"
"149",contact,N,"5",certain,certain,01.01.01,,DAS1,,CAF0149,"1839.408693671112"
"150",fault,N,"5",certain,certain,02.01.01,,DAS1,,CAF0150,"320.6562147752342"
"151",fault,Y,"5",certain,certain,02.01.07,,DAS1,,CAF0151,"89.09836325739384"
"152",fault,N,"5",certain,certain,02.01.01,,DAS1,,CAF0152,"569.813499589207"
"153",fault,N,"5",certain,certain,02.01.01,,DAS1,,CAF0153,"515.8062772486725"
"154",fault,Y,"5",certain,certain,02.01.07,,DAS1,,CAF0154,"140.5342250463068"
"155",contact,N,"5",certain,certain,01.01.01,,DAS1,,CAF0155,"2598.73994054265"
"156",fault,N,"10",certain,certain,02.06.01,,DAS1,Aerial Photo,CAF0156,"1594.559446513559"
"157",fault,N,"5",certain,certain,02.01.03,,DAS1,,CAF0157,"802.5488278947649"
"158",contact,N,"10",certain,certain,01.01.03,,DAS3,,CAF0158,"3084.929243937612"
"159",fault,N,"10",certain,certain,02.01.03,,DAS4,,CAF0159,"963.3302889873564"
"160",fault,N,"10",certain,certain,02.01.01,,DAS4,,CAF0160,"263.7288125643745"
"161",contact,N,"5",certain,certain,01.01.01,,DAS1,,CAF0161,"937.1500262983451"
"162",contact,N,"5",certain,certain,01.01.01,,DAS1,,CAF0162,"682.7408266503015"
"163",contact,N,"5",certain,certain,01.01.01,,DAS1,,CAF0163,"472.6990522497521"
"164",contact,N,"5",certain,certain,01.01.01,,DAS1,,CAF0164,"206.0430802029348"
"165",contact,N,"5",certain,certain,01.01.01,,DAS1,,CAF0165,"729.575453510573"
"166",contact,N,"5",certain,certain,01.01.01,,DAS1,,CAF0166,"1945.839903869796"
"167",fault,N,"10",certain,certain,02.01.03,,DAS1,,CAF0167,"984.2187115121048"
"168",contact,N,"5",certain,certain,01.01.01,,DAS1,,CAF0168,"821.692695032346"
"169",fault,N,"10",certain,certain,02.01.01,,DAS1,,CAF0169,"2000.563598769129"
"170",fault,N,"5",certain,questionable,02.01.01,,DAS1,,CAF0170,"423.4362747106279"
"171",fault,N,"5",certain,questionable,02.01.01,,DAS1,,CAF0171,"760.6569836873637"
"172",fault,N,"5",certain,questionable,02.01.01,,DAS1,,CAF0172,"237.8109592212951"
"173",fault,N,"10",certain,certain,02.01.01,,DAS1,,CAF0173,"381.6801072533568"
"174",contact,N,"5",certain,certain,01.01.01,,DAS1,,CAF0174,"408.2963979746499"
"175",contact,N,"5",certain,certain,01.01.01,,DAS1,,CAF0175,"496.1991892384917"
"176",fault,Y,"10",certain,certain,02.01.07,,DAS1,,CAF0176,"1108.22734305788"
"177",fault,Y,"5",certain,certain,02.01.07,,DAS1,,CAF0177,"24.16559568061615"
"178","fault, thrust",N,"5",certain,certain,02.08.01,,DAS4,,CAF0178,"1899.840129121214"
"179",fault,N,"10",certain,certain,02.01.01,,DAS1,,CAF1964,"741.6007290192997"
"180",fault,Y,"10",certain,certain,02.01.07,,DAS1,,CAF0180,"806.6110110756988"
"181",fault,N,"10",certain,certain,02.01.03,,DAS1,,CAF0181,"150.8234388950904"
"182",fault,N,"10",certain,certain,02.01.01,,DAS1,,CAF0182,"160.0576202218805"
"183",fault,Y,"10",certain,certain,02.01.07,,DAS1,,CAF0183,"83.48054879932587"
"184",fault,N,"25",certain,certain,02.01.01,,DAS1,,CAF0184,"457.3651391404197"
"185",fault,N,"10",certain,certain,02.01.01,,DAS1,,CAF0185,"498.2623596736402"
"186",fault,N,"10",certain,certain,02.01.01,,DAS1,,CAF0186,"552.741853453796"
"187",contact,N,"10",certain,certain,01.01.01,,DAS1,,CAF0187,"395.1107607134026"
"188",fault,N,"5",certain,certain,02.01.01,,DAS1,,CAF0188,"709.3221490437779"
"189",fault,N,"10",certain,certain,02.01.01,,DAS1,,CAF0189,"236.2842509636884"
"190",fault,N,"10",certain,certain,02.01.01,,DAS1,,CAF0190,"87.75083084190464"
"191",fault,N,"5",certain,certain,02.01.01,,DAS1,,CAF0191,"406.7561415662547"
"192",fault,Y,"10",certain,certain,02.01.07,,DAS1,,CAF0192,"179.0176126155554"
"193",contact,N,"5",certain,certain,01.01.01,,DAS1,,CAF0193,"1086.253542397778"
"194",contact,N,"5",certain,certain,01.01.01,,DAS1,,CAF0194,"282.2043040008322"
"195",contact,N,"5",certain,certain,01.01.01,,DAS1,,CAF0195,"22.22816378918022"
"196",fault,N,"25",certain,certain,02.01.03,,DAS1,,CAF0196,"468.5494282702119"
"197",contact,N,"5",certain,certain,01.01.01,,DAS1,,CAF0197,"410.7078392447171"
"198",fault,Y,"10",certain,certain,02.06.07,,DAS1,Aerial Photo,CAF0198,"766.8692625348499"
"199",fault,Y,"10",certain,certain,02.06.07,,DAS1,Aerial Photo,CAF0199,"517.9624498851748"
"200",contact,N,"10",certain,certain,01.01.01,,DAS1,,CAF0200,"554.0938931800154"
"201","fault, thrust",Y,"25",certain,certain,02.08.07,,DAS4,,CAF0201,"1280.804579488899"
"202",contact,N,"5",certain,certain,01.01.01,,DAS1,,CAF0202,"2589.666233179726"
"203","fault, thrust",N,"10",certain,certain,02.08.03,,DAS4,,CAF0203,"647.4035543753374"
"204","fault, thrust",N,"25",certain,certain,02.08.03,,DAS4,,CAF0204,"435.0838385251786"
"205",contact,N,"5",certain,certain,01.01.01,,DAS1,,CAF0205,"515.8871519776211"
"206",fault,N,"10",certain,certain,02.01.01,,DAS1,,CAF0206,"388.5988466596187"
"207",contact,N,"5",certain,certain,01.01.01,,DAS1,,CAF0207,"3570.857328930758"
"208",fault,Y,"5",certain,certain,02.01.07,,DAS1,,CAF0208,"136.2239123654093"
"209",fault,N,"5",certain,certain,02.01.01,,DAS1,,CAF0209,"105.0117584114195"
"210",fault,Y,"5",certain,certain,02.01.07,,DAS1,,CAF0210,"251.5779483528561"
"211",fault,N,"5",certain,certain,02.01.03,,DAS1,,CAF0211,"490.3527540438003"
"212",fault,N,"5",certain,certain,02.01.03,,DAS1,,CAF0212,"47.15553431282774"
"213",fault,Y,"10",certain,certain,02.01.07,,DAS1,,CAF0213,"23.8409195973247"
"214",fault,N,"10",certain,certain,02.01.01,,DAS1,,CAF0214,"23.12212216628543"
"215",fault,Y,"10",certain,certain,02.01.07,,DAS1,,CAF0215,"83.19463151457015"
"216",contact,N,"5",certain,certain,01.01.01,,DAS1,,CAF0216,"435.826510922145"
"217",contact,N,"5",certain,certain,01.01.01,,DAS1,,CAF0217,"836.0416320384669"
"218",fault,N,"10",certain,certain,02.01.01,,DAS1,,CAF0218,"193.478083081096"
"219",fault,Y,"10",certain,certain,02.01.07,,DAS1,,CAF0219,"59.19948791294124"
"220",fault,N,"5",certain,certain,02.01.01,,DAS1,,CAF0220,"999.603153144905"
"221",fault,Y,"10",certain,certain,02.06.07,,DAS1,Aerial Photo,CAF0221,"269.4319408326923"
"222",fault,N,"10",certain,certain,02.01.01,,DAS1,Aerial Photo,CAF0222,"36.04402981232914"
"223",fault,N,"25",certain,certain,02.01.01,,DAS1,,CAF0223,"356.3791728818409"
"224",contact,N,"5",certain,certain,01.01.01,,DAS1,,CAF0224,"504.8586269039056"
"225",fault,N,"10",certain,certain,02.01.01,,DAS1,,CAF0225,"353.7629748525495"
"226",fault,N,"10",certain,certain,02.01.03,,DAS1,,CAF0226,"24.55691164252427"
"227",contact,N,"10",certain,certain,01.01.03,,DAS1,,CAF0227,"1172.277067189766"
"228",contact,N,"5",certain,certain,01.01.01,,DAS1,,CAF0228,"1921.181623270626"
"229",contact,N,"5",certain,certain,01.01.01,,DAS1,,CAF0229,"1622.013605936599"
"230",fault,Y,"10",certain,certain,02.01.07,,DAS1,,CAF0230,"190.6302409908795"
"231",fault,N,"10",certain,certain,02.01.03,,DAS1,,CAF0231,"297.8811370018167"
"232",fault,N,"5",certain,certain,02.01.01,,DAS1,Aerial Photo,CAF0232,"1120.855453166447"
"233",contact,N,"25",certain,certain,01.01.01,,DAS1,,CAF0233,"1676.907832566185"
"234",fault,N,"25",certain,certain,02.01.03,,DAS1,,CAF0234,"104.3756453132466"
"235",fault,N,"10",certain,certain,02.01.03,,DAS1,,CAF0235,"601.1809097258874"
"236",fault,N,"25",questionable,questionable,02.01.03,,DAS1,,CAF0236,"545.2713917631457"
"237",fault,N,"5",certain,certain,02.01.01,,DAS1,,CAF0237,"384.9351526119961"
"238",waterline,N,"5",certain,certain,"15.02",,DAS1,,CAF0238,"50.36990974121877"
"239",fault,N,"10",certain,certain,02.01.01,,DAS1,,CAF0239,"434.210345969094"
"240",contact,N,"10",certain,certain,01.01.01,,DAS1,,CAF0240,"285.6950823709393"
"241",contact,N,"25",certain,certain,01.01.01,,DAS1,,CAF0241,"1016.217904391542"
"242",contact,N,"10",certain,certain,01.01.01,,DAS1,,CAF0242,"576.383784235161"
"243",fault,N,"10",certain,certain,02.01.03,,DAS1,,CAF0243,"460.2701110641644"
"244",fault,N,"25",certain,certain,02.01.03,,DAS1,,CAF0244,"162.3287925518444"
"245","fault, thrust",N,"5",certain,certain,02.08.01,,DAS1,,CAF0245,"2114.113973657091"
"246",fault,N,"5",certain,certain,02.08.01,,DAS1,,CAF0246,"2531.161171385615"
"247",contact,N,"5",certain,certain,01.01.01,,DAS1,,CAF0247,"510.9274488919572"
"248",fault,Y,"5",certain,certain,02.08.07,,DAS1,,CAF0248,"56.62175303971804"
"249",fault,N,"10",certain,certain,02.01.01,,DAS1,,CAF0249,"430.5515312911302"
"250",contact,N,"25",certain,certain,01.01.01,,DAS3,,CAF0250,"2572.754164995103"
"251",fault,N,"10",certain,certain,02.01.01,,DAS1,,CAF0251,"687.2227173478017"
"252",fault,N,"10",certain,certain,02.01.03,,DAS1,,CAF0252,"771.4277387333349"
"253",fault,N,"10",certain,certain,02.01.01,,DAS1,,CAF0253,"496.671745483678"
"254",fault,N,"10",certain,certain,02.01.01,,DAS1,,CAF0254,"1073.553100732158"
"255",contact,N,"25",certain,certain,01.01.01,,DAS3,,CAF0255,"440.0144278139794"
"256",contact,N,"25",certain,certain,01.01.01,,DAS3,,CAF0256,"270.722077862998"
"257",contact,N,"25",certain,certain,01.01.01,,DAS1,,CAF0257,"112.644418176148"
"258",fault,N,"10",certain,certain,02.01.01,,DAS4,,CAF0258,"624.1029210604888"
"259",contact,N,"5",certain,certain,01.01.01,,DAS1,,CAF0259,"518.0283469685768"
"260",waterline,N,"5",certain,certain,"15.02",,DAS1,Aerial Photo,CAF0260,"8890.455864415293"
"261",waterline,N,"5",certain,certain,"15.02",,DAS1,,CAF0261,"10810.08014552272"
"262",fault,N,"5",certain,certain,02.01.01,,DAS1,Aerial Photo,CAF0262,"802.4831589295454"
"263",contact,N,"5",certain,certain,01.01.01,,DAS1,,CAF0263,"3572.189464245091"
"264",contact,N,"5",certain,certain,01.01.01,,DAS1,,CAF0264,"1229.510419155529"
"265",contact,N,"25",certain,certain,01.01.03,,DAS1,,CAF0265,"2405.929442406188"
"266",contact,N,"5",certain,certain,01.01.01,,DAS1,,CAF0266,"1017.481587045163"
"267",contact,N,"5",certain,certain,01.01.01,,DAS1,,CAF0267,"1108.543251893834"
"268",waterline,N,"5",certain,certain,"15.02",,DAS1,Aerial Photo,CAF0268,"6432.413995385587"
"269",fault,N,"5",certain,certain,02.01.01,,DAS1,Aerial Photo,CAF0269,"530.4970128422697"
"270",fault,N,"5",certain,certain,02.01.01,,DAS1,Aerial Photo,CAF0270,"2055.655034752634"
"271",fault,N,"5",certain,certain,02.01.01,,DAS1,Field,CAF0271,"673.4863935986598"
"272",fault,N,"5",certain,certain,02.01.01,,DAS1,Aerial Photo,CAF0272,"1477.74876810747"
"273",fault,N,"5",certain,certain,02.01.01,,DAS1,Field,CAF0273,"121.5437919392045"
"274",fault,N,"5",certain,certain,02.01.01,,DAS1,Field,CAF0274,"109.6382232205429"
"275",waterline,N,"5",certain,certain,"15.02",,DAS1,Aerial Photo,CAF0275,"22751.93253338843"
"276",fault,N,"5",certain,certain,02.01.01,,DAS1,Aerial Photo,CAF0276,"944.3137327988597"
"277",contact,N,"5",certain,certain,01.01.01,,DAS1,Aerial Photo,CAF0277,"533.5793274693414"
"278",contact,N,"5",certain,certain,01.01.01,,DAS1,Aerial Photo,CAF0278,"727.3303386931685"
"279",contact,N,"5",certain,certain,01.01.01,,DAS1,Aerial Photo,CAF0279,"147.0194717275511"
"280",contact,N,"5",certain,certain,01.01.01,,DAS1,Aerial Photo,CAF0280,"1334.998698743393"
"281",fault,N,"5",certain,certain,02.01.01,,DAS1,Aerial Photo,CAF0281,"7044.905230979902"
"282",fault,N,"5",certain,certain,02.01.01,,DAS1,Aerial Photo,CAF0282,"434.7745430564838"
"283",contact,N,"5",certain,certain,01.01.01,,DAS1,Aerial Photo,CAF0283,"1657.030317387864"
"284",fault,N,"5",certain,certain,02.01.01,,DAS1,Aerial Photo,CAF0284,"1560.165599833966"
"285",fault,N,"5",certain,certain,02.01.01,,DAS1,Aerial Photo,CAF0285,"2418.286592641481"
"286",contact,N,"5",certain,certain,01.01.01,,DAS1,Field,CAF0286,"542.2004798076156"
"287",fault,N,"5",certain,certain,02.01.01,,DAS1,Aerial Photo,CAF0287,"3085.024864849589"
"288",waterline,N,"5",certain,certain,"15.02",,DAS1,Aerial Photo,CAF0288,"2973.567989182909"
"289",fault,N,"5",certain,certain,02.01.01,,DAS1,Aerial Photo,CAF0289,"1969.987195328383"
"290",fault,N,"5",certain,certain,02.01.01,,DAS1,Aerial Photo,CAF0290,"1783.747583078791"
"291",fault,N,"5",certain,certain,02.01.01,,DAS1,Lidar,CAF0291,"830.2801262184094"
"292",contact,N,"5",certain,certain,01.01.01,,DAS1,Aerial Photo,CAF0292,"590.9342561699928"
"293",contact,N,"5",certain,certain,01.01.01,,DAS1,Aerial Photo,CAF0293,"585.0740351147044"
"294",contact,N,"5",certain,certain,01.01.01,,DAS1,Aerial Photo,CAF0294,"502.8779988551134"
"295",contact,N,"5",certain,certain,01.01.01,,DAS1,Aerial Photo,CAF0295,"352.2249646486536"
"296",contact,N,"5",certain,certain,01.01.01,,DAS1,Aerial Photo,CAF0296,"342.3830449681711"
"297",contact,N,"5",certain,certain,01.01.01,,DAS1,Aerial Photo,CAF0297,"374.1437053936681"
"298",contact,N,"5",certain,certain,01.01.01,,DAS1,Aerial Photo,CAF0298,"647.9059299860648"
"299",contact,N,"5",certain,certain,01.01.01,,DAS1,Aerial Photo,CAF0299,"452.8894891558766"
"300",contact,N,"5",certain,certain,01.01.01,,DAS1,Aerial Photo,CAF0300,"217.196697898909"
"301",contact,N,"5",certain,certain,01.01.01,,DAS1,Aerial Photo,CAF0301,"407.4834046646091"
"302",contact,N,"5",certain,certain,01.01.01,,DAS1,Aerial Photo,CAF0302,"600.1426964591229"
"303",contact,N,"5",certain,certain,01.01.01,,DAS1,Aerial Photo,CAF0303,"653.3380659085885"
"304",fault,N,"10",certain,certain,02.08.01,,DAS1,Aerial Photo,CAF0304,"2202.587707990621"
"305",fault,N,"10",certain,certain,02.01.03,,DAS1,Aerial Photo,CAF0305,"943.2399720353939"
"306",fault,N,"5",certain,certain,02.01.01,,DAS1,Aerial Photo,CAF0306,"1153.444928869682"
"307",fault,N,"5",certain,certain,02.01.01,,DAS1,Aerial Photo,CAF0307,"2857.375476530483"
"308",contact,N,"5",certain,certain,01.01.01,,DAS1,Aerial Photo,CAF0308,"317.2795473114284"
"309",contact,N,"5",certain,certain,01.01.01,,DAS1,Aerial Photo,CAF0309,"214.6638416189911"
"310",contact,N,"5",certain,certain,01.01.01,,DAS1,Aerial Photo,CAF0310,"320.3887880174775"
"311",waterline,N,"5",certain,certain,"15.02",,DAS1,,CAF0311,"12544.60499637516"
"312",contact,N,"5",certain,certain,01.01.01,,DAS1,Aerial Photo,CAF0312,"4343.405900152741"
"313",contact,N,"10",certain,certain,01.01.01,,DAS3,,CAF0313,"1070.722417767205"
"314",contact,N,"10",certain,certain,01.01.01,,DAS3,,CAF0314,"2452.263602623928"
"315",fault,N,"5",certain,certain,02.01.01,,DAS1,Aerial Photo,CAF0315,"1002.269264741261"
"316",fault,N,"5",certain,certain,02.01.03,,DAS1,,CAF0316,"902.4700859472525"
"317",fault,N,"10",certain,certain,02.01.03,,DAS1,,CAF0317,"242.0496929886391"
"318",fault,N,"5",certain,certain,02.01.03,,DAS1,,CAF0318,"339.7091632011408"
"319",fault,N,"10",certain,certain,02.01.03,,DAS1,,CAF0319,"268.1891181198831"
"320",fault,N,"5",certain,certain,02.01.01,,DAS1,Aerial Photo,CAF0320,"237.6273545995076"
"321",fault,Y,"10",certain,certain,02.01.07,,DAS1,Aerial Photo,CAF0321,"265.6583047084696"
"322",fault,N,"5",certain,certain,02.01.01,,DAS1,Aerial Photo,CAF0322,"495.2445149389981"
"323",fault,Y,"10",certain,certain,02.01.07,,DAS1,Aerial Photo,CAF0323,"186.1249900133816"
"324",fault,N,"10",certain,certain,02.01.03,,DAS3,,CAF0324,"855.3305745139548"
"325",fault,N,"5",certain,certain,02.01.03,,DAS3,,CAF0325,"404.3085852642495"
"326",fault,N,"5",certain,certain,02.01.03,,DAS3,,CAF0326,"361.3243109389439"
"327",fault,N,"10",certain,certain,02.01.03,,DAS1,,CAF0327,"549.0239718078834"
"328",fault,Y,"10",certain,certain,02.01.07,,DAS1,,CAF0328,"438.8040444351119"
"329",fault,N,"10",certain,certain,02.01.03,,DAS1,,CAF0329,"1375.668870358208"
"330",fault,N,"5",certain,certain,02.01.01,,DAS1,,CAF0330,"468.8088649017851"
"331",contact,N,"10",certain,certain,01.01.03,,DAS3,,CAF0331,"601.3750423223837"
"332",fault,N,"10",certain,certain,02.06.03,,DAS3,,CAF0332,"1468.847017293676"
"333",fault,N,"10",certain,certain,02.01.01,,DAS1,,CAF0333,"177.0610666036567"
"334",fault,N,"10",certain,certain,02.01.01,,DAS3,,CAF0334,"2061.690833837087"
"335",fault,N,"10",certain,certain,02.01.01,,DAS3,,CAF0335,"1228.72226716906"
"336",contact,N,"10",certain,certain,01.01.01,,DAS3,,CAF0336,"881.6377266525986"
"337",contact,N,"25",certain,certain,01.01.03,,DAS3,,CAF0337,"1402.933135190548"
"338",fault,N,"5",certain,certain,02.01.01,,DAS3,,CAF0338,"556.0781295555237"
"339",contact,N,"10",certain,certain,01.01.01,,DAS3,,CAF0339,"1773.596403127418"
"340",contact,N,"5",certain,certain,01.01.01,,DAS1,,CAF0340,"1223.230350596354"
"341",contact,N,"5",certain,certain,01.01.01,,DAS1,,CAF0341,"1155.475243900083"
"342",fault,Y,"10",certain,certain,02.01.07,,DAS1,,CAF0342,"417.9871604059639"
"343",contact,N,"5",certain,certain,01.01.01,,DAS1,,CAF0343,"1274.323036562568"
"344",contact,N,"5",certain,certain,01.01.01,,DAS1,,CAF0344,"1316.123232271503"
"345",fault,N,"25",questionable,questionable,02.01.03,,DAS1,,CAF0345,"752.8703501491899"
"346",fault,N,"25",questionable,questionable,02.01.03,,DAS1,,CAF0346,"840.7094734694762"
"347",contact,N,"5",certain,certain,01.01.01,,DAS1,,CAF0347,"907.6966279870762"
"348",contact,N,"5",certain,certain,01.01.01,,DAS1,,CAF0348,"919.6221218534503"
"349",fault,N,"25",questionable,questionable,02.01.03,,DAS1,,CAF0349,"658.2174677279349"
"350",fault,N,"25",questionable,questionable,02.01.03,,DAS1,,CAF0350,"719.6524503862223"
"351",contact,N,"5",certain,certain,01.01.01,,DAS1,,CAF0351,"1162.976886996979"
"352",fault,N,"10",certain,certain,02.01.01,,DAS1,,CAF0352,"497.734189931859"
"353",contact,N,"10",certain,certain,01.01.01,,DAS1,,CAF0353,"222.6005346605074"
"354",contact,N,"10",certain,certain,01.01.01,,DAS1,,CAF0354,"85.32337363834131"
"355",contact,N,"10",certain,certain,01.01.01,,DAS1,,CAF0355,"252.9451690659982"
"356",waterline,N,"10",certain,certain,"15.02",,DAS1,,CAF0356,"820.2561446219723"
"357",fault,N,"10",certain,certain,02.01.01,,DAS1,,CAF0357,"825.014076085531"
"358",fault,N,"10",certain,certain,02.01.03,,DAS1,,CAF0358,"128.5841712464474"
"359",fault,N,"5",certain,certain,02.01.01,,DAS1,,CAF0359,"107.4895849851527"
"360",fault,Y,"10",certain,certain,02.01.07,,DAS1,,CAF0360,"56.3374418877012"
"361",contact,N,"10",certain,certain,01.01.01,,DAS3,,CAF0361,"1012.347694492078"
"362",contact,Y,"10",certain,certain,01.01.07,,DAS1,,CAF0362,"76.76373032634089"
"363",fault,N,"25",questionable,questionable,02.01.03,,DAS1,,CAF0363,"803.2174788915692"
"364",fault,N,"25",certain,certain,02.01.01,,DAS1,,CAF0364,"634.2437557080956"
"365",fault,N,"25",certain,certain,02.01.01,,DAS1,,CAF0365,"103.2301155616157"
"366",fault,N,"25",certain,certain,02.01.03,,DAS1,,CAF0366,"215.9070190659139"
"367",fault,N,"25",certain,certain,02.01.03,,DAS1,,CAF0367,"180.6250147838386"
"368",contact,N,"5",certain,certain,01.01.01,,DAS1,,CAF0368,"961.1732536960209"
"369",contact,N,"5",certain,certain,01.01.01,,DAS1,Field,CAF0369,"427.187971388292"
"370",contact,N,"5",certain,certain,01.01.01,,DAS1,,CAF0370,"841.7843342180929"
"371",waterline,N,"5",certain,certain,"15.02",,DAS1,,CAF0371,"389.6021423700964"
"372",waterline,N,"5",certain,certain,"15.02",,DAS1,,CAF0372,"345.1623231073557"
"373",fault,N,"10",certain,certain,02.01.03,,DAS3,,CAF0373,"270.3002657656005"
"374",fault,Y,"10",certain,certain,02.01.07,,DAS1,,CAF0374,"291.4447316022994"
"375",fault,Y,"25",certain,certain,02.01.07,,DAS1,,CAF0375,"765.2254402477623"
"376",fault,N,"5",certain,certain,02.06.01,,DAS1,,CAF0376,"305.2901986805481"
"377",fault,Y,"10",certain,certain,02.01.07,,DAS1,,CAF0377,"130.7781827183441"
"378",fault,N,"5",certain,certain,02.01.01,,DAS1,,CAF0378,"291.8844077887999"
"379",fault,Y,"10",certain,certain,02.01.07,,DAS1,,CAF0379,"214.6657094270472"
"380",fault,N,"10",certain,certain,02.01.03,,DAS1,,CAF0380,"118.4592950200433"
"381",fault,Y,"25",certain,certain,02.01.07,,DAS1,Aerial Photo,CAF0381,"691.9435629746708"
"382",fault,N,"10",certain,certain,02.01.03,,DAS3,,CAF0382,"133.7902517764172"
"383",fault,Y,"10",certain,certain,02.01.07,,DAS3,,CAF0383,"76.32764552477705"
"384",fault,N,"10",certain,certain,02.01.03,,DAS3,,CAF0384,"342.1772897971743"
"385",fault,Y,"10",certain,certain,02.01.07,,DAS3,,CAF0385,"81.6858626265832"
"386",fault,Y,"10",certain,certain,02.01.07,,DAS1,Aerial Photo,CAF0386,"235.0999001116886"
"387",contact,N,"5",certain,certain,01.01.01,,DAS1,Field,CAF0387,"173.2443888662799"
"388",contact,N,"5",certain,certain,01.01.01,,DAS1,Aerial Photo,CAF0388,"2820.70818452763"
"389",contact,N,"5",certain,certain,01.01.01,,DAS1,Aerial Photo,CAF0389,"3301.237507366272"
"390",contact,N,"5",certain,certain,01.01.01,,DAS1,Aerial Photo,CAF0390,"725.544208106953"
"391",fault,N,"5",certain,certain,02.06.03,,DAS1,Aerial Photo,CAF0391,"487.0451217269208"
"392",fault,N,"5",certain,certain,02.01.01,,DAS1,Aerial Photo,CAF0392,"373.5840608967709"
"393",contact,N,"5",certain,certain,01.01.01,,DAS1,Field,CAF0393,"549.9267778158061"
"394",fault,N,"10",certain,certain,02.01.03,,DAS1,Aerial Photo,CAF0394,"562.2425157761451"
"395",fault,N,"10",certain,certain,02.06.03,,DAS1,Aerial Photo,CAF0395,"332.7112814633843"
"396",contact,N,"5",certain,certain,01.01.01,,DAS1,Field,CAF0396,"143.1461081127449"
"397",fault,N,"5",certain,certain,02.01.01,,DAS1,Aerial Photo,CAF0397,"1534.158487503192"
"398",fault,N,"5",certain,certain,02.01.01,,DAS1,Aerial Photo,CAF0398,"1070.289666129786"
"399",fault,N,"5",certain,certain,02.01.01,,DAS1,Aerial Photo,CAF0399,"5706.847935955644"
"400",fault,N,"5",certain,certain,02.06.01,,DAS1,Lidar,CAF0400,"403.2297463552209"
"401",contact,N,"5",certain,certain,01.01.01,,DAS1,Aerial Photo,CAF0401,"618.1981873448761"
"402","fault, thrust",N,"5",certain,certain,02.08.01,,DAS1,Field,CAF0402,"1317.595481570271"
"403",fault,N,"5",certain,certain,02.01.01,,DAS1,Lidar,CAF0403,"1133.532496774892"
"404",fault,N,"5",certain,certain,02.06.01,,DAS1,Aerial Photo,CAF0404,"2349.04474059281"
"405",fault,N,"5",certain,certain,02.06.01,,DAS1,Aerial Photo,CAF0405,"3072.051356290988"
"406",fault,N,"5",certain,certain,02.01.01,,DAS1,Aerial Photo,CAF0406,"1529.418338084181"
"407",contact,N,"5",certain,certain,01.01.01,,DAS1,Field,CAF0407,"326.3799898514661"
"408",contact,N,"5",certain,certain,01.01.01,,DAS1,Field,CAF0408,"536.5842214526442"
"409",fault,N,"5",certain,certain,02.01.01,,DAS1,Aerial Photo,CAF0409,"475.1461335904397"
"410",contact,N,"5",certain,certain,01.01.01,,DAS1,Field,CAF0410,"5331.41165692819"
"411",fault,N,"5",certain,certain,02.06.03,,DAS1,Lidar,CAF0411,"2766.14620838368"
"412",fault,N,"5",certain,certain,02.01.01,,DAS1,Aerial Photo,CAF0412,"109.037637270865"
"413",contact,N,"5",certain,certain,01.01.01,,DAS1,Aerial Photo,CAF0413,"399.0330380247116"
"414",fault,N,"5",certain,certain,02.01.01,,DAS1,Field,CAF0414,"989.902238505118"
"415",contact,N,"5",certain,certain,01.01.01,,DAS1,Field,CAF0415,"638.6862430211969"
"416",fault,N,"5",certain,certain,02.01.01,,DAS1,Aerial Photo,CAF0416,"811.8542372117485"
"417",fault,N,"5",certain,certain,02.01.01,,DAS1,Aerial Photo,CAF0417,"77.63838440985052"
"418",fault,N,"5",certain,certain,02.01.01,,DAS1,Aerial Photo,CAF0418,"681.88067268955"
"419","fault, thrust",N,"5",certain,certain,02.08.01,Soda Creek thrust,DAS1,Aerial Photo,CAF0419,"6409.591281062548"
"420",fault,N,"5",certain,certain,02.01.01,,DAS1,Aerial Photo,CAF0420,"229.6306121052242"
"421",fault,N,"5",certain,certain,02.01.01,,DAS1,Aerial Photo,CAF0421,"2074.369572244827"
"422",fault,N,"5",certain,certain,02.01.01,,DAS1,Field,CAF0422,"546.4092194139804"
"423",fault,N,"5",certain,certain,02.06.01,,DAS1,Lidar,CAF0423,"468.2199344111429"
"424",fault,N,"5",certain,certain,02.01.01,,DAS1,Aerial Photo,CAF0424,"2391.726279805996"
"425",fault,N,"5",certain,certain,02.06.01,Zim Zim fault,DAS1,Field,CAF0425,"831.809581829746"
"426",fault,N,"5",certain,certain,02.01.01,,DAS1,Aerial Photo,CAF0426,"313.7872851994503"
"427",fault,Y,"5",certain,certain,02.01.07,,DAS1,Aerial Photo,CAF0427,"17.97104150872599"
"428",contact,N,"5",certain,certain,01.01.01,,DAS1,Lidar,CAF0428,"755.7576985836356"
"429",fault,N,"5",certain,certain,02.06.01,,DAS1,Aerial Photo,CAF0429,"845.0632620159558"
"430",fault,N,"5",certain,certain,02.01.01,,DAS1,Field,CAF0430,"573.0456207285082"
"431",fault,N,"5",certain,certain,02.01.01,,DAS1,Aerial Photo,CAF0431,"180.8466589665867"
"432",fault,N,"10",certain,certain,02.06.01,,DAS1,Aerial Photo,CAF0432,"449.2603211374675"
"433",fault,N,"5",certain,certain,02.06.01,,DAS1,Lidar,CAF0433,"1127.875179899925"
"434",fault,N,"5",questionable,questionable,02.06.03,,DAS1,Aerial Photo,CAF0434,"551.7560933508186"
"435",fault,N,"5",certain,certain,02.01.01,,DAS1,Aerial Photo,CAF0435,"271.6251242034467"
"436",fault,N,"5",certain,certain,02.06.01,,DAS1,Aerial Photo,CAF0436,"851.1280462231325"
"437",fault,N,"5",certain,certain,02.01.01,,DAS1,Aerial Photo,CAF0437,"2436.041994428436"
"438",fault,N,"5",certain,certain,02.06.01,,DAS1,Lidar,CAF0438,"635.2766436639697"
"439",fault,N,"5",certain,certain,02.06.03,,DAS1,Lidar,CAF0439,"300.2355666823665"
"440",contact,N,"5",certain,certain,01.01.01,,DAS1,Aerial Photo,CAF0440,"5600.721537903269"
"441",fault,N,"5",certain,certain,02.01.01,,DAS1,Aerial Photo,CAF0441,"513.6917624489445"
"442",fault,N,"5",certain,certain,02.01.01,,DAS1,Aerial Photo,CAF0442,"41.14165837885042"
"443",fault,N,"5",certain,certain,02.01.01,,DAS1,Aerial Photo,CAF0443,"272.6271439753688"
"444",fault,N,"5",certain,certain,02.01.01,,DAS1,Aerial Photo,CAF0444,"389.3417206029694"
"445",fault,N,"5",certain,certain,02.01.01,,DAS1,Aerial Photo,CAF0445,"401.9840810277094"
"446",contact,N,"5",certain,certain,01.01.01,,DAS1,Field,CAF0446,"597.674955689633"
"447",fault,N,"5",certain,certain,02.01.01,,DAS1,Field,CAF0447,"3043.318099639181"
"448",fault,N,"10",certain,certain,02.01.01,,DAS1,Field,CAF0448,"315.9874134809696"
"449",fault,N,"5",certain,certain,02.01.01,,DAS1,Field,CAF0449,"164.5697741976877"
"450",fault,N,"5",certain,certain,02.01.01,,DAS1,Aerial Photo,CAF0450,"2362.154563533613"
"451",fault,N,"10",certain,certain,02.01.03,,DAS1,,CAF0451,"883.9220589834257"
"452","fault, thrust",N,"5",certain,certain,02.08.01,Soda Creek thrust,DAS1,Aerial Photo,CAF0452,"1665.043229659703"
"453",contact,N,"5",certain,certain,01.01.01,,DAS1,Aerial Photo,CAF0453,"331.0620630451565"
"454",contact,N,"5",certain,certain,01.01.01,,DAS1,Aerial Photo,CAF0454,"847.6903095504656"
"455",contact,N,"5",certain,certain,01.01.01,,DAS1,Aerial Photo,CAF0455,"614.5502439105747"
"456",contact,N,"5",certain,certain,01.01.01,,DAS1,Aerial Photo,CAF0456,"1124.043764875278"
"457",contact,N,"5",certain,certain,01.01.01,,DAS1,Aerial Photo,CAF0457,"513.259531084747"
"458",contact,N,"5",certain,certain,01.01.01,,DAS1,Aerial Photo,CAF0458,"541.9141341568521"
"459",contact,N,"5",certain,certain,01.01.01,,DAS1,Aerial Photo,CAF0459,"1515.184658054382"
"460",contact,N,"5",certain,certain,01.01.01,,DAS1,Aerial Photo,CAF0460,"1599.284925623291"
"461",contact,N,"5",certain,certain,01.01.01,,DAS1,Aerial Photo,CAF0461,"2269.095083951508"
"462",contact,N,"5",certain,certain,01.01.01,,DAS1,Aerial Photo,CAF0462,"1622.171545720926"
"463",contact,N,"5",certain,certain,01.01.01,,DAS1,Aerial Photo,CAF0463,"315.4402047636787"
"464",contact,N,"5",certain,certain,01.01.01,,DAS1,Aerial Photo,CAF0464,"1109.542493782916"
"465",fault,N,"5",certain,certain,02.01.01,,DAS1,Aerial Photo,CAF0465,"3694.372670920057"
"466",fault,N,"5",certain,certain,02.01.01,,DAS1,Aerial Photo,CAF0466,"1800.806464896256"
"467",contact,N,"5",certain,certain,01.01.01,,DAS1,Aerial Photo,CAF0467,"651.2388801515658"
"468",contact,N,"5",certain,certain,01.01.01,,DAS1,,CAF0468,"1039.307773668962"
"469",contact,N,"5",certain,certain,01.01.01,,DAS1,,CAF0469,"520.1135537224628"
"470",fault,N,"5",certain,certain,02.01.01,,DAS1,,CAF0470,"631.4528697037264"
"471",contact,N,"5",certain,certain,01.01.01,,DAS1,,CAF0471,"797.4600072180516"
"472",contact,N,"5",certain,certain,01.01.01,,DAS1,,CAF0472,"478.2364984102571"
"473",contact,N,"5",certain,certain,01.01.01,,DAS1,Aerial Photo,CAF0473,"476.3450902211065"
"474",contact,N,"5",certain,certain,01.01.01,,DAS1,Aerial Photo,CAF0474,"466.1430737467899"
"475",contact,N,"5",certain,certain,01.01.01,,DAS1,Aerial Photo,CAF0475,"339.8189010570596"
"476",contact,N,"5",certain,certain,01.01.01,,DAS1,Aerial Photo,CAF0476,"553.4884517715859"
"477",contact,N,"5",certain,certain,01.01.01,,DAS1,Aerial Photo,CAF0477,"588.3024958949647"
"478",fault,N,"5",certain,certain,02.01.01,,DAS1,Aerial Photo,CAF0478,"1153.13963060579"
"479",fault,N,"5",certain,certain,02.01.01,,DAS1,Aerial Photo,CAF0479,"472.2899719143333"
"480",fault,N,"5",certain,certain,02.01.01,,DAS1,Aerial Photo,CAF0480,"29.03634372780187"
"481",contact,N,"5",certain,certain,01.01.01,,DAS1,Aerial Photo,CAF0481,"326.9191474756705"
"482",contact,N,"5",certain,certain,01.01.01,,DAS1,Aerial Photo,CAF0482,"675.7443847054657"
"483",contact,N,"5",certain,certain,01.01.01,,DAS1,Aerial Photo,CAF0483,"506.8210562135201"
"484",contact,N,"5",certain,certain,01.01.01,,DAS1,Aerial Photo,CAF0484,"525.0448256261461"
"485",fault,N,"5",certain,certain,02.01.01,,DAS1,Aerial Photo,CAF0485,"1259.812234215804"
"486",fault,N,"5",certain,certain,02.01.01,,DAS1,Aerial Photo,CAF0486,"622.0008755703126"
"487",fault,N,"5",certain,certain,02.01.01,,DAS1,Aerial Photo,CAF0487,"130.9118428727107"
"488",contact,N,"5",certain,certain,01.01.01,,DAS1,Aerial Photo,CAF0488,"241.1580851476251"
"489",contact,N,"5",certain,certain,01.01.01,,DAS1,Aerial Photo,CAF0489,"422.0523890640625"
"490",contact,N,"5",certain,certain,01.01.01,,DAS1,Aerial Photo,CAF0490,"399.5914868776556"
"491",contact,N,"5",certain,certain,01.01.01,,DAS1,Aerial Photo,CAF0491,"585.1781934976683"
"492",contact,N,"5",certain,certain,01.01.01,,DAS1,Aerial Photo,CAF0492,"302.1591997812693"
"493",contact,N,"5",certain,certain,01.01.01,,DAS1,Aerial Photo,CAF0493,"313.1395471542907"
"494",contact,N,"5",certain,certain,01.01.01,,DAS1,Aerial Photo,CAF0494,"423.7674567597775"
"495",contact,N,"5",certain,certain,01.01.01,,DAS1,Aerial Photo,CAF0495,"705.704519411135"
"496","fault, thrust",N,"5",certain,certain,02.08.01,Soda Creek thrust,DAS1,Aerial Photo,CAF0496,"511.4072662826852"
"497","fault, thrust",Y,"5",certain,certain,02.08.07,Soda Creek thrust,DAS1,Aerial Photo,CAF0497,"114.4702830404945"
"498","fault, thrust",N,"5",certain,certain,02.08.01,,DAS1,Aerial Photo,CAF0498,"401.6747348649426"
"499",fault,N,"5",certain,certain,02.01.01,,DAS1,Field,CAF0499,"1913.059430395836"
"500",fault,N,"10",certain,certain,02.06.01,,DAS1,Lidar,CAF0500,"876.0280691305908"
"501",fault,N,"5",certain,certain,02.01.01,,DAS1,Aerial Photo,CAF0501,"245.0284856919622"
"502",contact,N,"5",certain,certain,01.01.01,,DAS1,Aerial Photo,CAF0502,"912.0062336409122"
"503",fault,N,"5",certain,certain,02.01.01,,DAS1,Aerial Photo,CAF0503,"986.2640440224282"
"504","fault, thrust",N,"5",certain,certain,02.08.01,,DAS1,Aerial Photo,CAF0504,"50.95193494518364"
"505","fault, thrust",Y,"5",certain,certain,02.08.07,,DAS1,Aerial Photo,CAF0505,"18.91877216335926"
"506","fault, thrust",N,"5",certain,certain,02.08.01,,DAS1,Aerial Photo,CAF0506,"423.7128632573718"
"507",contact,N,"5",certain,certain,01.01.01,,DAS1,,CAF0507,"1653.772968060404"
"508",contact,N,"5",certain,certain,01.01.01,,DAS1,,CAF0508,"960.3029895775776"
"509",contact,N,"5",certain,certain,01.01.01,,DAS1,,CAF0509,"949.1458558717077"
"510",contact,N,"5",certain,certain,01.01.01,,DAS1,,CAF0510,"561.7152227398569"
"511",fault,N,"5",certain,certain,02.01.01,,DAS1,,CAF0511,"176.2827974134572"
"512",fault,N,"5",certain,certain,02.01.01,,DAS1,,CAF0512,"206.6497941531821"
"513",fault,N,"5",certain,certain,02.01.01,,DAS1,,CAF0513,"669.8734224526729"
"514",fault,N,"5",certain,certain,02.01.01,,DAS1,,CAF0514,"1780.722717332264"
"515",fault,N,"5",certain,certain,02.01.01,,DAS1,,CAF0515,"556.2390045243513"
"516",fault,N,"5",certain,certain,02.01.01,,DAS1,,CAF0516,"754.1556185170239"
"517",fault,N,"10",questionable,questionable,02.01.03,,DAS1,,CAF0517,"375.2777068176141"
"518",fault,N,"5",certain,certain,02.01.01,,DAS1,,CAF0518,"1128.172635819273"
"519",fault,N,"5",certain,certain,02.01.01,,DAS1,,CAF0519,"468.7359786728115"
"520",fault,N,"5",certain,certain,02.01.01,,DAS1,Field,CAF0520,"306.0281549078445"
"521",fault,N,"10",certain,certain,02.06.03,,DAS1,Lidar,CAF0521,"839.7840848178064"
"522",fault,N,"5",certain,certain,02.01.01,,DAS1,Aerial Photo,CAF0522,"3780.510191054806"
"523",fault,N,"5",certain,certain,02.01.03,,DAS1,Aerial Photo,CAF0523,"710.9364985694885"
"524",fault,N,"5",certain,certain,02.01.01,,DAS1,Aerial Photo,CAF0524,"1043.04742172914"
"525",fault,N,"5",certain,certain,02.01.01,,DAS1,Aerial Photo,CAF0525,"353.6255606041244"
"526",fault,N,"5",certain,certain,02.01.01,,DAS1,Aerial Photo,CAF0526,"828.7139344528266"
"527",fault,N,"5",certain,certain,02.01.01,,DAS1,Aerial Photo,CAF0527,"464.327942750027"
"528",fault,N,"5",certain,certain,02.01.03,,DAS1,Aerial Photo,CAF0528,"573.1143283865745"
"529",fault,N,"5",certain,certain,02.01.03,,DAS1,Aerial Photo,CAF0529,"623.9966326390103"
"530",fault,N,"5",certain,certain,02.01.03,,DAS1,Aerial Photo,CAF0530,"1131.881151122179"
"531",fault,N,"5",certain,certain,02.01.03,,DAS1,Aerial Photo,CAF0531,"1359.328878067191"
"532",fault,N,"5",certain,certain,02.01.03,,DAS1,Aerial Photo,CAF0532,"1428.107201742939"
"533",fault,N,"5",certain,certain,02.01.03,,DAS1,Aerial Photo,CAF0533,"747.9329840523083"
"534",fault,N,"5",certain,certain,02.01.03,,DAS1,Aerial Photo,CAF0534,"1182.847729036866"
"535",fault,N,"5",certain,certain,02.01.03,,DAS1,Aerial Photo,CAF0535,"506.204513322155"
"536",fault,N,"5",certain,certain,02.01.03,,DAS1,Aerial Photo,CAF0536,"731.3718743136043"
"537",fault,N,"5",certain,certain,02.01.01,,DAS1,Aerial Photo,CAF0537,"179.3927554674627"
"538",fault,N,"10",certain,certain,02.06.03,,DAS1,Lidar,CAF0538,"552.1745857733872"
"539",fault,N,"10",certain,certain,02.06.03,,DAS1,Lidar,CAF0539,"325.6258549328786"
"540",fault,N,"5",certain,certain,02.06.01,,DAS1,Lidar,CAF0540,"701.0281763334585"
"541",fault,N,"5",certain,certain,02.01.01,,DAS1,Aerial Photo,CAF0541,"683.4308823054871"
"542",fault,N,"10",certain,certain,02.01.03,,DAS1,Aerial Photo,CAF0542,"284.070162024863"
"543",fault,N,"10",certain,certain,02.01.03,,DAS1,Aerial Photo,CAF0543,"373.4108848603445"
"544",fault,Y,"10",certain,certain,02.01.07,,DAS1,Aerial photo,CAF0544,"333.45032864053"
"545",fault,N,"10",certain,certain,02.01.03,,DAS1,Aerial Photo,CAF0545,"156.0367826877324"
"546",fault,N,"5",certain,certain,02.01.03,,DAS1,Aerial Photo,CAF0546,"624.6985684626924"
"547",fault,N,"5",certain,certain,02.01.03,,DAS1,Aerial Photo,CAF0547,"306.311275855325"
"548",contact,N,"5",certain,certain,01.01.01,,DAS1,Aerial Photo,CAF0548,"1251.782385631263"
"549",fault,N,"5",certain,certain,02.01.01,,DAS1,Aerial Photo,CAF0549,"472.8216058321696"
"550",fault,Y,"5",certain,certain,02.01.07,,DAS1,Aerial Photo,CAF0550,"294.2093330070624"
"551",fault,N,"5",certain,certain,02.01.01,,DAS1,Aerial Photo,CAF0551,"255.8969020491281"
"552",fault,N,"5",certain,certain,02.01.03,,DAS1,,CAF0552,"1505.792844293007"
"553",fault,N,"5",certain,certain,02.01.01,,DAS1,,CAF0553,"459.7435428546576"
"554",contact,N,"5",certain,certain,01.01.01,,DAS1,,CAF0554,"1072.887360244232"
"555",contact,N,"5",certain,certain,01.01.01,,DAS1,Aerial photo,CAF0555,"170.254432952203"
"556",fault,N,"5",certain,certain,02.01.01,,DAS1,,CAF0556,"143.724949020357"
"557",contact,N,"5",certain,certain,01.01.01,,DAS1,,CAF0557,"286.8802645075985"
"558",contact,N,"5",certain,certain,01.01.01,,DAS1,,CAF0558,"765.4058305840674"
"559",contact,N,"5",certain,certain,01.01.01,,DAS1,,CAF0559,"1239.526798165759"
"560",contact,N,"10",certain,certain,01.01.03,,DAS1,,CAF0560,"1778.342058715301"
"561",fault,N,"5",certain,certain,02.01.03,,DAS1,,CAF0561,"677.8773413405055"
"562",fault,N,"25",certain,certain,02.01.03,,DAS1,,CAF0562,"318.1586154002683"
"563","fault, thrust",N,"5",certain,certain,02.08.03,,DAS1,,CAF0563,"300.1570834226234"
"564","fault, thrust",N,"10",certain,certain,02.08.03,,DAS1,,CAF0564,"674.1094476377579"
"565","fault, thrust",N,"10",certain,certain,02.08.03,,DAS1,,CAF0565,"1167.161208732911"
"566","fault, thrust",N,"10",certain,certain,02.08.03,,DAS1,,CAF0566,"215.483461728631"
"567",contact,N,"5",certain,certain,01.01.01,,DAS1,,CAF0567,"1879.738391215762"
"568",contact,N,"5",certain,certain,01.01.01,,DAS1,,CAF0568,"1876.129864656322"
"569",contact,N,"5",certain,certain,01.01.01,,DAS1,,CAF0569,"328.5184735999749"
"570",contact,N,"5",certain,certain,01.01.01,,DAS1,,CAF0570,"1055.627427850437"
"571",contact,N,"5",certain,certain,01.01.01,,DAS1,,CAF0571,"1039.496093967612"
"572",contact,N,"10",certain,certain,01.01.01,,DAS1,,CAF0572,"397.1125016498281"
"573",contact,Y,"10",certain,certain,01.01.07,,DAS1,,CAF0573,"156.9734683504923"
"574",contact,N,"5",certain,certain,01.01.01,,DAS1,,CAF0574,"1309.540899699447"
"575",fault,Y,"5",certain,certain,02.06.07,Zim Zim fault,DAS5,Field,CAF0575,"321.9245457634357"
"576",fault,N,"5",certain,certain,02.01.01,,DAS1,Aerial Photo,CAF0576,"1206.552987608603"
"577",contact,N,"5",certain,certain,01.01.01,,DAS1,Aerial Photo,CAF0577,"602.6411943512431"
"578",contact,N,"5",certain,certain,01.01.01,,DAS1,Aerial Photo,CAF0578,"288.2617396201554"
"579",contact,N,"5",certain,certain,01.01.01,,DAS1,Aerial Photo,CAF0579,"30075.93179396066"
"580",contact,N,"5",certain,certain,01.01.01,,DAS1,Field,CAF0580,"719.2958620790347"
"581",contact,N,"5",certain,certain,01.01.01,,DAS1,Field,CAF0581,"6263.194107555488"
"582",contact,N,"5",certain,certain,01.01.01,,DAS1,Aerial Photo,CAF0582,"542.7766395852337"
"583",contact,N,"5",certain,certain,01.01.01,,DAS1,Field,CAF0583,"1148.253730600102"
"584",contact,N,"5",certain,certain,01.01.01,,DAS1,Aerial Photo,CAF0584,"6000.887010316049"
"585",contact,N,"5",certain,certain,01.01.01,,DAS1,Aerial Photo,CAF0585,"608.7536245644417"
"586",contact,N,"5",certain,certain,01.01.01,,DAS1,Field,CAF0586,"1221.192128022602"
"587",contact,N,"5",certain,certain,01.01.01,,DAS1,Aerial Photo,CAF0587,"2544.666722906022"
"588",fault,N,"10",certain,certain,02.01.01,,DAS1,Aerial Photo,CAF0588,"610.6676844578747"
"589",contact,N,"5",certain,certain,01.01.01,,DAS1,Aerial Photo,CAF0589,"1794.168507249811"
"590",contact,N,"5",certain,certain,01.01.01,,DAS1,Aerial Photo,CAF0590,"2870.449881782431"
"591",contact,N,"5",certain,certain,01.01.01,,DAS1,Aerial Photo,CAF0591,"5384.636229353199"
"592",contact,N,"5",certain,certain,01.01.01,,DAS1,Aerial Photo,CAF0592,"4712.337071949793"
"593",contact,N,"5",certain,certain,01.01.01,,DAS1,Aerial Photo,CAF0593,"413.0996291058082"
"594",contact,N,"5",certain,certain,01.01.01,,DAS1,Aerial Photo,CAF0594,"375.4521102764933"
"595",contact,N,"5",certain,certain,01.01.01,,DAS1,Aerial Photo,CAF0595,"254.0344459945093"
"596",contact,N,"5",certain,certain,01.01.01,,DAS1,Aerial Photo,CAF0596,"551.8786598735935"
"597",contact,N,"5",certain,certain,01.01.01,,DAS1,,CAF0597,"608.3454731283686"
"598",fault,N,"5",certain,certain,02.01.01,,DAS1,,CAF0598,"772.643588542469"
"599",contact,N,"5",certain,certain,01.01.01,,DAS1,,CAF0599,"718.3724369488652"
"600",fault,N,"10",certain,certain,02.01.01,,DAS1,,CAF0600,"104.8131920790592"
"601",fault,N,"5",certain,certain,02.01.01,,DAS1,Field,CAF0601,"261.7968600211071"
"602",contact,N,"5",certain,certain,01.01.01,,DAS1,Field,CAF0602,"2215.439277494839"
"603",contact,N,"5",certain,certain,01.01.01,,DAS1,Field,CAF0603,"154.5562425049833"
"604",contact,N,"5",certain,certain,01.01.01,,DAS1,Field,CAF0604,"244.9299215492526"
"605",contact,N,"5",certain,certain,01.01.01,,DAS1,Aerial Photo,CAF0605,"1133.539128528159"
"606",contact,N,"5",certain,certain,01.01.01,,DAS1,Field,CAF0606,"673.2325467850453"
"607",fault,N,"5",certain,certain,02.01.01,,DAS1,Field,CAF0607,"679.1233511336953"
"608",fault,N,"25",questionable,questionable,02.01.03,,DAS1,Field,CAF0608,"258.0186489191315"
"609",fault,Y,"5",certain,certain,02.01.07,,DAS1,Field,CAF0609,"193.6624283504048"
"610",fault,N,"10",questionable,questionable,02.01.03,,DAS1,Aerial Photo,CAF0610,"436.9579890155932"
"611",fault,N,"10",certain,certain,02.01.03,,DAS1,Field,CAF0611,"58.39154305341228"
"612",fault,N,"10",certain,certain,02.01.03,,DAS1,Field,CAF0612,"364.1642864534764"
"613",fault,N,"25",certain,certain,02.01.03,,DAS1,Field,CAF0613,"914.2868126406522"
"614",contact,N,"5",certain,certain,01.01.01,,DAS1,Aerial Photo,CAF0614,"496.9437539230816"
"615",fault,N,"10",questionable,questionable,02.01.03,,DAS1,Aerial Photo,CAF0615,"1089.723214631635"
"616",fault,Y,"5",certain,certain,02.01.07,,DAS1,Field,CAF0616,"345.0819233040324"
"617",fault,N,"5",certain,certain,02.01.01,,DAS1,Aerial Photo,CAF0617,"340.4043680713721"
"618",fault,N,"25",questionable,questionable,02.01.05,,DAS1,Aerial Photo,CAF0618,"1612.017169252804"
"619",contact,N,"5",certain,certain,01.01.01,,DAS1,Aerial Photo,CAF0619,"1146.012686845591"
"620",fault,N,"5",certain,certain,02.01.01,,DAS1,Aerial Photo,CAF0620,"739.0916412221484"
"621",fault,Y,"10",certain,certain,02.01.07,,DAS1,Aerial Photo,CAF0621,"283.0675383680172"
"622",contact,N,"5",certain,certain,01.01.01,,DAS1,,CAF0622,"429.836419482016"
"623",contact,N,"5",certain,certain,01.01.01,,DAS1,Aerial Photo,CAF0623,"246.3083688273872"
"624",fault,N,"10",certain,certain,02.01.03,,DAS1,,CAF0624,"255.2506727162336"
"625",fault,Y,"10",certain,certain,02.01.07,,DAS1,,CAF0625,"206.4144389015585"
"626",fault,N,"10",certain,certain,02.01.03,,DAS1,,CAF0626,"585.8224364544711"
"627",contact,N,"5",certain,certain,01.01.01,,DAS1,,CAF0627,"811.1510250480173"
"628",contact,N,"5",certain,certain,01.01.01,,DAS1,,CAF0628,"1304.173278042072"
"629",contact,N,"5",certain,certain,01.01.01,,DAS1,,CAF0629,"1479.045077703274"
"630",contact,N,"5",certain,certain,01.01.01,,DAS1,,CAF0630,"1007.913367246704"
"631",contact,N,"5",certain,certain,01.01.01,,DAS1,,CAF0631,"2869.899833260181"
"632",contact,N,"5",certain,certain,01.01.01,,DAS1,,CAF0632,"1258.36119799782"
"633",fault,N,"25",questionable,questionable,02.01.03,,DAS1,,CAF0633,"782.5419624316564"
"634",fault,N,"10",questionable,questionable,02.01.03,,DAS1,,CAF0634,"657.181285708244"
"635",fault,N,"10",questionable,questionable,02.01.03,,DAS1,,CAF0635,"1117.849722614262"
"636",contact,N,"5",certain,certain,01.01.01,,DAS1,,CAF0636,"1205.302721488212"
"637",fault,N,"10",certain,certain,02.01.03,,DAS1,,CAF0637,"379.3033641181268"
"638",contact,N,"5",certain,certain,01.01.01,,DAS1,,CAF0638,"1537.327912038859"
"639",contact,N,"5",certain,certain,01.01.01,,DAS1,,CAF0639,"318.621115033551"
"640",contact,N,"5",certain,certain,01.01.01,,DAS1,,CAF0640,"347.7335093200062"
"641",contact,N,"5",certain,certain,01.01.01,,DAS1,,CAF0641,"366.1476178804955"
"642",contact,N,"5",certain,certain,01.01.01,,DAS1,,CAF0642,"242.9431684381913"
"643",contact,N,"5",certain,certain,01.01.01,,DAS1,Aerial Photo,CAF0643,"446.9075818548354"
"644",contact,N,"5",certain,certain,01.01.01,,DAS1,,CAF0644,"1012.285351101523"
"645",contact,N,"5",certain,certain,01.01.01,,DAS1,,CAF0645,"772.2764444707208"
"646",fault,N,"10",certain,certain,02.06.01,Zim Zim fault,DAS5,Field,CAF0646,"894.7366639615814"
"647",fault,Y,"10",certain,certain,02.06.07,Zim Zim fault,DAS5,Field,CAF0647,"441.1681587508643"
"648",contact,N,"5",certain,certain,01.01.01,,DAS1,,CAF0648,"455.8280620610583"
"649",contact,N,"5",certain,certain,01.01.01,,DAS1,,CAF0649,"2187.751016338367"
"650",fault,Y,"10",certain,certain,02.06.07,Zim Zim fault,DAS5,Field,CAF0650,"194.7845736129776"
"651",fault,N,"10",certain,certain,02.06.01,Zim Zim fault,DAS1,Field,CAF0651,"15.99414801787527"
"652",contact,N,"5",certain,certain,01.01.01,,DAS1,,CAF0652,"606.9724924916778"
"653",fault,N,"10",certain,certain,02.01.05,,DAS1,,CAF0653,"975.1722849203638"
"654",fault,N,"25",questionable,questionable,02.01.05,,DAS1,,CAF0654,"1620.858334724654"
"655",fault,N,"25",questionable,questionable,02.01.05,,DAS1,,CAF0655,"421.3795353153744"
"656",fault,N,"25",questionable,questionable,02.01.05,,DAS1,,CAF0656,"343.9907773967948"
"657",fault,N,"5",certain,certain,02.06.01,Zim Zim fault,DAS5,Field,CAF0657,"584.3001360949262"
"658",contact,N,"5",certain,certain,01.01.01,,DAS1,,CAF0658,"394.7682588138199"
"659",contact,N,"5",certain,certain,01.01.01,,DAS1,,CAF0659,"81.35354922350663"
"660",fault,N,"5",certain,certain,02.01.01,,DAS1,Field,CAF0660,"881.0844097152772"
"661",fault,N,"10",certain,certain,02.01.01,,DAS1,Aerial Photo,CAF0661,"520.9424356308687"
"662",fault,N,"10",certain,certain,02.01.03,,DAS1,Aerial Photo,CAF0662,"431.0859150786976"
"663",contact,N,"5",certain,certain,01.01.01,,DAS1,Lidar,CAF0663,"1307.94262551228"
"664",contact,N,"5",certain,certain,01.01.01,,DAS1,Lidar,CAF0664,"1224.721009417645"
"665",fault,N,"25",questionable,questionable,02.01.03,,DAS1,Field data,CAF0665,"690.9915248175213"
"666",fault,N,"5",certain,certain,02.01.03,,DAS1,Aerial Photo,CAF0666,"985.848983376648"
"667",fault,N,"5",certain,certain,02.07.03,,DAS1,Aerial Photo,CAF0667,"1737.161206373585"
"668",contact,N,"5",certain,certain,01.01.01,,DAS1,Lidar,CAF0668,"270.2234247344147"
"669",fault,N,"5",certain,certain,02.01.01,,DAS1,Aerial Photo,CAF0669,"342.0689548620443"
"670",fault,N,"10",certain,certain,02.01.01,,DAS1,Aerial Photo,CAF0670,"476.626965750258"
"671",contact,N,"5",certain,certain,01.01.01,,DAS1,Lidar,CAF0671,"19.22712584827845"
"672",contact,N,"5",certain,certain,01.01.01,,DAS1,Lidar,CAF0672,"1173.212684075565"
"673",fault,N,"5",certain,certain,02.01.01,,DAS1,Aerial Photo,CAF0673,"1634.342853956395"
"674",fault,N,"5",certain,certain,02.01.01,,DAS1,Aerial Photo,CAF0674,"901.0536399885875"
"675",contact,N,"5",certain,certain,01.01.01,,DAS1,Lidar,CAF0675,"2295.029952584864"
"676",contact,N,"5",certain,certain,01.01.01,,DAS1,Lidar,CAF0676,"2914.63327629629"
"677","fault, thrust",N,"5",certain,certain,02.08.01,,DAS1,Aerial Photo,CAF0677,"2755.946740456546"
"678",fault,N,"5",certain,certain,02.01.01,,DAS1,Aerial Photo,CAF0678,"3288.677695682475"
"679","fault, thrust",N,"5",certain,certain,02.08.01,Soda Creek thrust,DAS1,Aerial Photo,CAF0679,"2502.216208441264"
"680",fault,N,"5",certain,certain,02.01.01,,DAS1,Aerial Photo,CAF0680,"525.6914785172671"
"681",fault,N,"5",certain,certain,02.01.01,,DAS1,Aerial Photo,CAF0681,"2163.003829999653"
"682",fault,N,"5",certain,certain,02.01.01,,DAS1,Aerial Photo,CAF0682,"897.159658018399"
"683",contact,N,"5",certain,certain,01.01.01,,DAS1,Aerial Photo,CAF0683,"5366.959180695222"
"684",fault,N,"5",certain,certain,02.01.01,,DAS1,,CAF0684,"345.7183334156722"
"685","fault, thrust",N,"5",certain,certain,02.08.01,,DAS1,,CAF0685,"1498.306362481484"
"686",contact,N,"5",certain,certain,01.01.01,,DAS1,Field,CAF0686,"1854.618959118043"
"687",fault,N,"5",certain,certain,02.01.01,,DAS1,Field,CAF0687,"1157.749458470328"
"688",fault,N,"5",certain,certain,02.01.01,,DAS1,Field,CAF0688,"315.8492610623638"
"689",fault,N,"5",certain,certain,02.01.01,,DAS1,,CAF0689,"330.4453378448802"
"690","fault, thrust",N,"10",certain,certain,02.08.01,,DAS1,,CAF0690,"746.9971444843749"
"691",contact,N,"5",certain,certain,01.01.01,,DAS1,,CAF0691,"779.8945222841315"
"692",contact,N,"5",certain,certain,01.01.01,,DAS1,Lidar,CAF0692,"3051.505143699268"
"693",contact,N,"5",certain,certain,01.01.01,,DAS1,Lidar,CAF0693,"1153.090165815731"
"694",contact,N,"5",certain,certain,01.01.01,,DAS1,Lidar,CAF0694,"1101.693529747159"
"695",contact,N,"5",certain,certain,01.01.01,,DAS1,Lidar,CAF0695,"483.3162067831353"
"696",contact,N,"5",certain,certain,01.01.01,,DAS1,Lidar,CAF0696,"654.8668981149378"
"697",contact,N,"5",certain,certain,01.01.01,,DAS1,Lidar,CAF0697,"2218.034605441193"
"698",contact,N,"5",certain,certain,01.01.01,,DAS1,Lidar,CAF0698,"1506.850472655522"
"699",contact,N,"5",certain,certain,01.01.01,,DAS1,Lidar,CAF0699,"405.3267300622712"
"700",contact,N,"5",certain,certain,01.01.01,,DAS1,,CAF0700,"736.9472167006577"
"701",contact,N,"5",certain,certain,01.01.01,,DAS1,Lidar,CAF0701,"1063.851126621885"
"702",fault,N,"5",certain,certain,02.01.01,,DAS1,Lidar,CAF0702,"419.8224778548127"
"703",fault,N,"5",certain,certain,02.01.01,,DAS1,Lidar,CAF0703,"420.6757990336279"
"704",fault,N,"5",certain,certain,02.01.01,,DAS1,Lidar,CAF0704,"233.5862619636475"
"705",fault,N,"5",certain,certain,02.01.01,,DAS1,Lidar,CAF0705,"572.5366409432428"
"706",contact,N,"5",certain,certain,01.01.01,,DAS1,Lidar,CAF0706,"970.9753920576936"
"707",contact,N,"5",certain,certain,01.01.01,,DAS1,Lidar,CAF0707,"485.7433671942743"
"708",contact,N,"5",certain,certain,01.01.01,,DAS1,Lidar,CAF0708,"646.1203010798438"
"709",contact,N,"5",certain,certain,01.01.01,,DAS1,Lidar,CAF0709,"1208.370077688279"
"710","fault, thrust",Y,"5",certain,certain,02.08.07,Soda Creek thrust,DAS1,,CAF0710,"749.3055772885075"
"711",contact,N,"5",certain,certain,01.01.01,,DAS1,Lidar,CAF0711,"748.7943005159996"
"712",fault,N,"10",certain,certain,02.01.01,,DAS1,Lidar,CAF0712,"389.4795561379869"
"713",contact,N,"5",certain,certain,01.01.01,,DAS1,Lidar,CAF0713,"1083.521983202071"
"714",contact,N,"5",certain,certain,01.01.01,,DAS1,Lidar,CAF0714,"571.5427746621215"
"715",contact,N,"5",certain,certain,01.01.01,,DAS1,Lidar,CAF0715,"683.5849127439631"
"716",contact,N,"5",certain,certain,01.01.01,,DAS1,,CAF0716,"1046.796964939489"
"717",contact,N,"5",certain,certain,01.01.01,,DAS1,,CAF0717,"1287.304650628488"
"718","fault, thrust",Y,"10",certain,certain,02.08.07,,DAS1,,CAF0718,"266.5266054171215"
"719","fault, thrust",N,"10",certain,certain,02.08.01,,DAS1,,CAF0719,"186.0969137455844"
"720",contact,N,"5",certain,certain,01.01.01,,DAS1,Lidar,CAF0720,"1870.71628569453"
"721",contact,N,"5",certain,certain,01.01.01,,DAS1,Lidar,CAF0721,"1018.818384955857"
"722",fault,N,"10",certain,certain,02.01.01,,DAS1,,CAF0722,"659.1129273067363"
"723",fault,N,"5",certain,certain,02.01.01,,DAS1,Field,CAF0723,"1198.180905404382"
"724",fault,N,"5",certain,certain,02.01.03,,DAS1,Aerial Photo,CAF0724,"774.8827968320054"
"725",fault,N,"5",certain,certain,02.01.03,,DAS1,Field,CAF0725,"184.4770315457604"
"726",fault,N,"5",certain,certain,02.01.03,,DAS1,Field,CAF0726,"198.4524008297197"
"727",contact,N,"5",certain,certain,01.01.01,,DAS1,Lidar,CAF0727,"2269.704472873269"
"728",fault,N,"5",certain,certain,02.01.01,,DAS1,Areial Photo,CAF0728,"349.3762312187631"
"729","fault, thrust",N,"5",certain,certain,02.01.01,,DAS1,Aerial Photo,CAF0729,"470.489375391787"
"730",fault,N,"10",certain,certain,02.01.01,,DAS1,Aerial Photo,CAF0730,"769.6906403359219"
"731",fault,N,"10",certain,certain,02.01.01,,DAS1,Aerial Photo,CAF0731,"1089.381407283814"
"732",fault,N,"10",certain,certain,02.01.01,,DAS1,Aerial Photo,CAF0732,"84.43495538812542"
"733",fault,Y,"10",questionable,questionable,02.01.07,,DAS1,,CAF0733,"103.4233375547198"
"734",fault,N,"10",questionable,questionable,02.01.03,,DAS1,,CAF0734,"388.4350847796393"
"735",fault,N,"10",certain,certain,02.01.01,,DAS1,,CAF0735,"418.9688521848044"
"736",fault,Y,"10",questionable,questionable,02.01.07,,DAS1,Lidar,CAF0736,"154.6073347001293"
"737",fault,N,"10",questionable,questionable,02.01.03,,DAS1,Lidar,CAF0737,"86.44948579970233"
"738","fault, thrust",Y,"5",certain,certain,02.08.07,,DAS1,,CAF0738,"585.702653152938"
"739","fault, thrust",N,"25",certain,certain,02.08.03,,DAS1,,CAF0739,"468.1082812839978"
"740",contact,N,"5",certain,certain,01.01.01,,DAS1,,CAF0740,"761.1607011641898"
"741",contact,N,"5",certain,certain,01.01.01,,DAS1,,CAF0741,"1286.637435586082"
"742",contact,N,"5",certain,certain,01.01.01,,DAS1,,CAF0742,"218.2168595661079"
"743","fault, thrust",Y,"5",certain,certain,02.08.07,,DAS1,,CAF0743,"194.3315057589947"
"744",fault,N,"5",certain,certain,02.01.01,,DAS1,,CAF0744,"939.4381399714296"
"745",contact,N,"5",certain,certain,01.01.01,,DAS1,,CAF0745,"2091.499747587958"
"746",fault,N,"10",certain,certain,02.01.01,,DAS1,,CAF0746,"264.5889750328223"
"747",fault,Y,"5",certain,certain,02.01.07,,DAS1,Lidar,CAF0747,"74.39426557181653"
"748",fault,Y,"5",certain,certain,02.01.07,,DAS1,Lidar,CAF0748,"38.35816313894615"
"749",fault,Y,"5",certain,certain,02.01.07,,DAS1,Lidar,CAF0749,"37.69158340988341"
"750",contact,N,"25",certain,certain,01.01.03,,DAS1,,CAF0750,"123.751121239194"
"751",contact,N,"25",certain,certain,01.01.07,,DAS1,,CAF0751,"656.6648773307192"
"752",fault,N,"25",certain,certain,02.01.03,,DAS2,,CAF0752,"1629.130039914086"
"753",fault,Y,"25",certain,certain,02.01.07,,DAS2,,CAF0753,"162.0862958746671"
"754",fault,N,"25",certain,certain,02.01.03,,DAS2,,CAF0754,"397.2641744962469"
"755",fault,Y,"25",certain,certain,02.01.07,,DAS1,,CAF0755,"54.81741477322267"
"756",fault,N,"25",certain,certain,02.01.03,,DAS2,,CAF0756,"392.6568415084448"
"757",fault,Y,"5",certain,certain,02.01.07,,DAS1,,CAF0757,"140.9320671481668"
"758",fault,N,"25",questionable,questionable,02.01.03,,DAS1,,CAF0758,"670.6478092174378"
"759",contact,N,"5",certain,certain,01.01.01,,DAS1,,CAF0759,"86.03889732629516"
"760","fault, normal",N,"10",certain,certain,02.02.01,,DAS1,Aerial Photo,CAF0760,"333.7642754999951"
"761",contact,N,"5",certain,certain,01.01.01,,DAS1,Lidar,CAF0761,"1028.061320176555"
"762",contact,N,"5",certain,certain,01.01.01,,DAS1,Lidar,CAF0762,"751.6815159790146"
"763",fault,N,"10",certain,certain,02.01.03,,DAS1,Aerial Photo,CAF0763,"632.4300384009448"
"764",fault,N,"10",certain,certain,02.01.03,,DAS1,Aerial Photo,CAF0764,"472.4207253453242"
"765",contact,N,"5",certain,certain,01.01.01,,DAS1,Lidar,CAF0765,"1368.696191041126"
"766",contact,N,"5",certain,certain,01.01.01,,DAS1,Aerial Photo,CAF0766,"1654.5719828487"
"767",fault,N,"5",certain,certain,02.01.01,,DAS1,Field,CAF0767,"539.7909798306372"
"768",fault,N,"5",certain,certain,02.08.01,,DAS1,Aerial Photo,CAF0768,"1242.31067244937"
"769",fault,N,"5",certain,certain,02.01.01,,DAS1,Field,CAF0769,"272.6514436288396"
"770",fault,N,"5",certain,certain,02.06.01,Bartlett Springs fault,DAS1,Aerial Photo,CAF0770,"1614.572699065182"
"771",contact,N,"5",certain,certain,01.01.01,,DAS1,Field,CAF0771,"184.8430673514065"
"772",contact,N,"5",certain,certain,01.01.03,,DAS1,Aerial Photo,CAF0772,"630.1763237520852"
"773",fault,N,"5",certain,certain,02.01.01,,DAS1,Field,CAF0773,"92.90657682767915"
"774",fault,N,"5",certain,certain,02.01.01,,DAS1,Field,CAF0774,"278.1365384168712"
"775",fault,N,"5",certain,certain,02.01.01,,DAS1,Field,CAF0775,"146.7381344656799"
"776",fault,N,"5",certain,certain,02.01.01,,DAS1,Field,CAF0776,"2225.909990447467"
"777",fault,N,"5",certain,certain,02.01.01,,DAS1,Field,CAF0777,"22.25480466048994"
"778",contact,N,"5",certain,certain,01.01.01,,DAS1,Lidar,CAF0778,"557.2415007541439"
"779",contact,N,"10",certain,certain,01.01.01,,DAS1,Aerial Photo,CAF0779,"1424.574185595555"
"780",contact,N,"5",certain,certain,01.01.01,,DAS1,Lidar,CAF0780,"305.7945403504847"
"781",contact,N,"5",certain,certain,01.01.01,,DAS1,Lidar,CAF0781,"1603.557734011451"
"782",contact,N,"5",certain,certain,01.01.01,,DAS1,Aerial Photo,CAF0782,"231.206328940261"
"783",fault,N,"10",certain,certain,02.01.01,,DAS1,Field,CAF0783,"52.84784630929173"
"784",contact,N,"5",certain,certain,01.01.01,,DAS1,Field,CAF0784,"897.6762531548405"
"785",contact,N,"5",certain,certain,01.01.01,,DAS1,Lidar,CAF0785,"816.5319092998209"
"786",fault,N,"5",certain,certain,02.01.01,,DAS1,Field,CAF0786,"268.7934825828517"
"787",fault,N,"5",certain,certain,02.01.01,,DAS1,Field,CAF0787,"32.91943614522371"
"788",contact,N,"5",certain,certain,01.01.01,,DAS1,Lidar,CAF0788,"520.6961809921637"
"789",contact,N,"5",certain,certain,01.01.01,,DAS1,Lidar,CAF0789,"2425.902817026606"
"790",contact,N,"10",certain,certain,01.01.01,,DAS1,Aerial Photo,CAF0790,"480.6815232755978"
"791",contact,N,"5",certain,certain,01.01.01,,DAS1,Lidar,CAF0791,"4193.695876719747"
"792",fault,N,"5",certain,certain,02.01.01,,DAS1,Field,CAF0792,"115.6149154168324"
"793",contact,N,"5",certain,certain,01.01.01,,DAS1,Aerial Photo,CAF0793,"130.1832083285742"
"794",contact,N,"5",certain,certain,01.01.01,,DAS1,Lidar,CAF0794,"71.68103239931048"
"795",contact,N,"5",certain,certain,01.01.01,,DAS1,Lidar,CAF0795,"529.0038642242624"
"796",contact,N,"5",certain,certain,01.01.01,,DAS1,Lidar,CAF0796,"726.0056359093711"
"797",contact,N,"5",certain,certain,01.01.01,,DAS1,Lidar,CAF0797,"78.91066483133888"
"798",contact,N,"5",certain,certain,01.01.01,,DAS1,Lidar,CAF0798,"944.3827702378725"
"799",contact,N,"5",certain,certain,01.01.01,,DAS1,Lidar,CAF0799,"1197.832591722159"
"800",contact,N,"5",certain,certain,01.01.01,,DAS1,Lidar,CAF0800,"351.3093509422712"
"801",contact,N,"5",certain,certain,01.01.01,,DAS1,Lidar,CAF0801,"853.5257136980689"
"802",contact,N,"5",certain,certain,01.01.01,,DAS1,Lidar,CAF0802,"204.3410239132589"
"803",contact,N,"5",certain,certain,01.01.01,,DAS1,Lidar,CAF0803,"157.6792891716073"
"804","fault, thrust",N,"5",certain,certain,02.08.01,,DAS1,Aerial Photo,CAF0804,"2905.635718791713"
"805",contact,N,"5",certain,certain,01.01.01,,DAS1,Lidar,CAF0805,"379.4691284044496"
"806",contact,N,"5",certain,certain,01.01.01,,DAS1,Lidar,CAF0806,"888.3129938802896"
"807",contact,N,"5",certain,certain,01.01.01,,DAS1,Aerial Photo,CAF0807,"74.43255743861148"
"808",contact,N,"5",certain,certain,01.01.01,,DAS1,Lidar,CAF0808,"3610.283883581096"
"809",contact,N,"10",certain,certain,01.01.03,,DAS1,Aerial Photo,CAF0809,"428.738845404229"
"810",contact,N,"5",certain,certain,01.01.01,,DAS1,Lidar,CAF0810,"5801.816675127404"
"811",fault,N,"5",certain,certain,02.01.01,,DAS1,Field,CAF0811,"865.6966916436322"
"812",fault,N,"5",certain,certain,02.01.01,,DAS1,Field,CAF0812,"326.5390801335537"
"813",contact,N,"5",certain,certain,01.01.01,,DAS1,,CAF0813,"340.1398719871352"
"814",contact,N,"5",certain,certain,01.01.01,,DAS1,,CAF0814,"3177.121965665716"
"815",fault,N,"5",certain,certain,02.01.01,,DAS1,,CAF0815,"536.2527738807418"
"816","fault, thrust",N,"5",certain,certain,02.08.01,Soda Creek thrust,DAS1,,CAF0816,"4206.008911538363"
"817","fault, thrust",N,"5",certain,certain,02.08.01,,DAS1,Aerial Photo,CAF0817,"1019.468413070514"
"818",contact,N,"5",certain,certain,01.01.01,,DAS1,Aerial Photo,CAF0818,"3404.422990014707"
"819",contact,N,"5",certain,certain,01.01.01,,DAS1,Aerial Photo,CAF0819,"1571.351566076416"
"820","fault, thrust",N,"5",certain,certain,02.08.01,,DAS1,Aerial Photo,CAF0820,"361.0303299181711"
"821","fault, thrust",Y,"5",certain,certain,02.08.07,,DAS1,Aerial Photo,CAF0821,"242.0721145275543"
"822","fault, thrust",N,"5",certain,certain,02.08.01,,DAS1,Aerial Photo,CAF0822,"245.7795643111978"
"823","fault, thrust",Y,"5",certain,certain,02.08.07,,DAS1,Aerial Photo,CAF0823,"117.3734085753128"
"824","fault, thrust",Y,"5",certain,certain,02.08.07,,DAS1,Aerial Photo,CAF0824,"1240.368961723933"
"825",contact,N,"5",certain,certain,01.01.01,,DAS1,Aerial Photo,CAF0825,"1875.390822186078"
"826",fault,N,"5",certain,certain,02.01.01,,DAS1,Aerial Photo,CAF0826,"243.5111473269254"
"827",fault,N,"5",certain,certain,02.01.01,,DAS1,Aerial Photo,CAF0827,"901.7613222287281"
"828","fault, thrust",N,"5",certain,certain,02.08.01,,DAS1,Aerial Photo,CAF0828,"172.6940946329831"
"829","fault, thrust",Y,"5",certain,certain,02.08.07,,DAS1,Aerial Photo,CAF0829,"92.67358011909147"
"830","fault, thrust",Y,"5",certain,certain,02.08.07,,DAS1,,CAF0830,"309.8396744515401"
"831",contact,N,"5",certain,certain,01.01.01,,DAS1,Lidar,CAF0831,"1436.514666962909"
"832","fault, thrust",Y,"5",certain,certain,02.08.07,,DAS1,,CAF0832,"564.193764162723"
"833",contact,N,"5",certain,certain,01.01.01,,DAS1,,CAF0833,"886.2344510905881"
"834",fault,N,"10",certain,certain,02.01.03,,DAS1,Aerial Photo,CAF0834,"363.3422514780634"
"835",fault,N,"5",certain,certain,02.01.03,,DAS1,Aerial Photo,CAF0835,"352.7411891340042"
"836",fault,N,"10",certain,certain,02.01.03,,DAS1,,CAF0836,"224.3851084451593"
"837",fault,N,"10",certain,certain,02.01.03,,DAS1,,CAF0837,"527.8265305529101"
"838",fault,N,"5",certain,certain,02.01.01,,DAS1,,CAF0838,"558.58448457714"
"839","fault, thrust",Y,"5",certain,certain,02.08.07,,DAS1,,CAF0839,"131.4101001157993"
"840",contact,N,"5",certain,certain,01.01.01,,DAS1,,CAF0840,"1687.788341892546"
"841",contact,N,"5",certain,certain,01.01.01,,DAS1,,CAF0841,"405.5758338462481"
"842","fault, thrust",Y,"5",certain,certain,02.08.07,,DAS1,,CAF0842,"59.2152157547353"
"843",fault,N,"5",certain,certain,02.01.01,,DAS1,Field,CAF0843,"1407.406264554676"
"844",fault,N,"10",certain,certain,02.01.01,,DAS1,Field,CAF0844,"127.9316946828496"
"845",contact,N,"5",certain,certain,01.01.01,,DAS1,Lidar,CAF0845,"21140.7776634"
"846",contact,N,"5",certain,certain,01.01.01,,DAS1,Lidar,CAF0846,"1731.446376905349"
"847",fault,N,"5",certain,certain,02.01.01,,DAS1,Field,CAF0847,"559.6937806620712"
"848",contact,N,"5",certain,certain,01.01.01,,DAS1,Lidar,CAF0848,"2964.35163668024"
"849",waterline,N,"5",certain,certain,"15.02",,DAS1,Lidar,CAF0849,"7560.993621413612"
"850","fault, normal",N,"5",certain,certain,02.02.01,Grizzly Peak fault,DAS1,Aerial Photo,CAF0850,"2325.840329655003"
"851","fault, normal",N,"5",certain,certain,02.01.01,,DAS1,Field,CAF0851,"1390.786458970656"
"852",fault,N,"5",certain,certain,02.01.01,,DAS1,Field,CAF0852,"445.7675214414022"
"853",fault,N,"5",certain,certain,02.01.01,,DAS1,,CAF0853,"386.9676444393657"
"854",fault,Y,"10",certain,certain,02.01.07,,DAS1,,CAF0854,"102.7096217344166"
"855",contact,N,"5",certain,certain,01.01.01,,DAS1,Aerial Photo,CAF0855,"3897.226218968656"
"856",contact,N,"5",certain,certain,01.01.01,,DAS1,,CAF0856,"919.3157735792221"
"857",contact,N,"5",certain,certain,01.01.01,,DAS1,,CAF0857,"468.4779224707045"
"858","fault, thrust",N,"5",certain,certain,02.08.01,,DAS1,,CAF0858,"1038.440248181649"
"859",contact,N,"5",certain,certain,01.01.01,,DAS1,,CAF0859,"2593.310051992844"
"860",contact,N,"5",certain,certain,01.01.01,,DAS1,,CAF0860,"2163.728760040134"
"861",contact,N,"5",certain,certain,01.01.01,,DAS1,,CAF0861,"1517.513121499063"
"862",contact,N,"5",certain,certain,01.01.01,,DAS1,,CAF0862,"1226.127606947071"
"863","fault, thrust",Y,"10",certain,certain,02.08.07,,DAS1,,CAF0863,"131.9571927311155"
"864",fault,N,"10",certain,certain,02.01.03,,DAS1,Aerial Photo,CAF0864,"540.1540170549566"
"865",fault,N,"10",certain,certain,02.01.03,,DAS1,Aerial Photo,CAF0865,"442.9169528258705"
"866",fault,N,"10",certain,certain,02.01.03,,DAS1,Aerial Photo,CAF0866,"413.4641624113864"
"867",fault,N,"10",certain,certain,02.01.03,,DAS1,,CAF0867,"189.3769446963558"
"868",fault,N,"10",certain,certain,02.01.03,,DAS1,,CAF0868,"187.6584215374863"
"869",fault,N,"10",certain,certain,02.01.03,,DAS1,,CAF0869,"256.8586671293559"
"870",fault,N,"10",certain,certain,02.01.03,,DAS1,,CAF0870,"224.2727504797896"
"871",fault,N,"25",questionable,questionable,02.01.03,,DAS1,,CAF0871,"156.4063611398107"
"872",fault,N,"10",certain,certain,02.01.01,,DAS1,,CAF0872,"140.784611887775"
"873",fault,N,"25",certain,certain,02.01.01,,DAS1,,CAF0873,"2255.810772215039"
"874",contact,N,"5",certain,certain,01.01.01,,DAS1,,CAF0874,"870.5815474446399"
"875",contact,N,"5",certain,certain,01.01.01,,DAS1,,CAF0875,"635.7380107021518"
"876",fault,N,"10",certain,certain,02.01.05,,DAS1,,CAF0876,"506.8762963389264"
"877",fault,N,"25",questionable,questionable,02.01.03,,DAS1,,CAF0877,"888.7032801892024"
"878",fault,N,"25",questionable,questionable,02.01.03,,DAS1,,CAF0878,"838.0472644813841"
"879",contact,N,"5",certain,certain,01.01.01,,DAS1,,CAF0879,"1537.543706076033"
"880",fault,Y,"25",certain,certain,02.01.07,,DAS2,,CAF0880,"794.8365953770922"
"881",fault,Y,"10",certain,certain,02.08.07,,DAS1,,CAF0881,"264.6028572513974"
"882",fault,Y,"10",certain,certain,02.01.07,,DAS1,,CAF0882,"844.2594937609615"
"883",contact,N,"5",certain,certain,01.01.01,,DAS1,,CAF0883,"567.6663743587753"
"884",contact,N,"5",certain,certain,01.01.01,,DAS1,,CAF0884,"460.528242225592"
"885",contact,N,"5",certain,certain,01.01.01,,DAS1,Lidar,CAF0885,"4035.326264985954"
"886",fault,Y,"5",certain,certain,02.02.07,,DAS1,Aerial Photo,CAF0886,"2265.277158235434"
"887",fault,N,"5",certain,certain,02.01.01,,DAS1,Field,CAF0887,"145.3165321275212"
"888",fault,N,"5",certain,certain,02.01.01,,DAS1,Field,CAF0888,"412.890760606182"
"889",fault,N,"5",certain,certain,02.01.01,,DAS1,Field,CAF0889,"105.6100391585254"
"890",fault,N,"5",certain,certain,02.01.01,,DAS1,Field,CAF0890,"166.4706318099077"
"891",fault,N,"5",certain,certain,02.01.01,,DAS1,Field,CAF0891,"297.9318104689277"
"892",fault,N,"5",certain,certain,02.01.01,,DAS1,Field,CAF0892,"25.73482360645108"
"893",fault,N,"5",certain,certain,02.01.01,,DAS1,Field,CAF0893,"245.0986812944516"
"894",fault,N,"5",certain,certain,02.06.01,,DAS1,Field,CAF0894,"1935.803152498529"
"895",fault,N,"5",certain,certain,02.01.01,,DAS1,Field,CAF0895,"520.5684993385963"
"896",fault,N,"5",certain,certain,02.01.01,,DAS1,Field,CAF0896,"912.5261836888832"
"897",fault,Y,"5",certain,certain,02.01.01,,DAS1,Field,CAF0897,"121.0700641963475"
"898",fault,N,"10",certain,certain,02.01.01,Bartlett Springs fault,DAS1,Aerial Photo,CAF0898,"836.2707183481917"
"899",fault,N,"5",certain,certain,02.01.01,,DAS1,Aerial Photo,CAF0899,"845.9972952094524"
"900",fault,N,"5",certain,certain,02.01.01,,DAS1,Field,CAF0900,"404.8114772063054"
"901","fault, normal",N,"5",certain,certain,02.02.01,,DAS1,Field,CAF0901,"3718.218395901726"
"902","fault, normal",N,"10",certain,certain,02.02.01,McLaughlin Reserve fault,DAS1,Field,CAF0902,"1771.993627544258"
"903",contact,N,"5",certain,certain,01.01.01,,DAS1,Lidar,CAF0903,"1681.733219508966"
"904",contact,N,"5",certain,certain,01.01.01,,DAS1,Aerial Photo,CAF0904,"3027.760610548296"
"905",fault,N,"10",certain,certain,02.01.03,,DAS1,Aerial Photo,CAF0905,"335.1093057208736"
"906",contact,N,"5",certain,certain,01.01.01,,DAS1,Field,CAF0906,"5234.742335999735"
"907",fault,N,"5",certain,certain,02.06.01,Bartlett Springs fault,DAS1,Aerial Photo,CAF0907,"3045.058242739343"
"908","fault, normal",Y,"10",certain,certain,02.02.07,McLaughlin Reserve fault,DAS1,Field,CAF0908,"297.7925270323796"
"909",contact,N,"5",certain,certain,01.01.01,,DAS1,Lidar,CAF0909,"192.5960932754356"
"910",fault,N,"5",certain,certain,02.01.01,,DAS1,Field,CAF0910,"217.8968002585024"
"911",fault,N,"5",certain,certain,02.01.01,,DAS1,Aerial Photo,CAF0911,"68.46550121983135"
"912",fault,N,"5",certain,certain,02.01.01,,DAS1,Field,CAF0912,"301.0194023471294"
"913",fault,N,"10",certain,certain,02.01.03,,DAS1,Aerial Photo,CAF0913,"18.90121013241139"
"914","fault, normal",N,"10",certain,certain,02.02.01,McLaughlin Reserve fault,DAS1,Field,CAF0914,"158.7529498703238"
"915",fault,N,"5",certain,certain,02.01.01,,DAS1,Aerial Photo,CAF0915,"974.3183291323606"
"916",contact,N,"5",certain,certain,01.01.01,,DAS1,Lidar,CAF0916,"1917.311414626971"
"917",fault,N,"5",certain,certain,02.01.01,,DAS1,Field,CAF0917,"99.60968669453395"
"918",fault,N,"5",certain,certain,02.01.01,,DAS1,Field,CAF0918,"1151.58064616182"
"919",contact,N,"5",certain,certain,01.01.01,,DAS1,Lidar,CAF0919,"4708.521079188884"
"920",contact,N,"5",certain,certain,01.01.01,,DAS1,Lidar,CAF0920,"3294.190959508478"
"921","fault, normal",Y,"10",certain,certain,02.02.07,McLaughlin Reserve fault,DAS1,Field,CAF0921,"736.9823352934262"
"922",fault,Y,"10",certain,certain,02.01.07,,DAS1,Field,CAF0922,"162.6681858533212"
"923",contact,N,"5",certain,certain,01.01.01,,DAS1,Lidar,CAF0923,"1351.85646984839"
"924",contact,N,"5",certain,certain,01.01.01,,DAS1,Lidar,CAF0924,"407.5250955975849"
"925",fault,N,"10",certain,certain,02.01.01,McLaughlin Reserve fault,DAS1,Field,CAF0925,"150.8278836748796"
"926",contact,N,"5",certain,certain,01.01.01,,DAS1,Lidar,CAF0926,"158.1683168539917"
"927","fault, normal",Y,"10",certain,certain,02.02.07,McLaughlin Reserve fault,DAS1,Filed,CAF0927,"62.49104792499038"
"928",contact,N,"5",certain,certain,01.01.01,,DAS1,Lidar,CAF0928,"65.29882199832561"
"929",contact,N,"5",certain,certain,01.01.01,,DAS1,Lidar,CAF0929,"148.6638351800257"
"930","fault, normal",N,"10",certain,certain,02.02.01,McLaughlin Reserve fault,DAS1,Field,CAF0930,"315.9691574203345"
"931",contact,N,"5",certain,certain,01.01.01,,DAS1,Lidar,CAF0931,"187.8126829026946"
"932",contact,N,"5",certain,certain,01.01.01,,DAS1,Lidar,CAF0932,"320.1776571091015"
"933",contact,N,"5",certain,certain,01.01.01,,DAS1,Lidar,CAF0933,"107.3364449585496"
"934","fault, normal",Y,"10",certain,certain,02.02.07,McLaughlin Reserve fault,DAS1,Filed,CAF0934,"220.7605463897885"
"935",fault,N,"5",certain,certain,02.01.01,,DAS1,Field,CAF0935,"980.7714645748873"
"936",fault,N,"5",certain,certain,02.01.01,,DAS1,Field,CAF0936,"115.344722235521"
"937",fault,Y,"10",certain,certain,02.01.07,,DAS1,Aerial Photo,CAF0937,"91.16787972117049"
"938",fault,Y,"10",certain,certain,02.01.07,,DAS1,Aerial Photo,CAF0938,"123.9373712213676"
"939",fault,N,"5",certain,certain,02.01.01,,DAS1,Field,CAF0939,"568.4671161875847"
"940",fault,N,"5",certain,certain,02.01.01,,DAS1,Field,CAF0940,"456.7169401239705"
"941",fault,N,"5",certain,certain,02.01.01,,DAS1,Aerial Photo,CAF0941,"215.3366234093508"
"942",contact,N,"10",certain,certain,01.01.03,,DAS1,Field,CAF0942,"947.0355226069661"
"943",contact,Y,"10",certain,certain,01.01.07,,DAS1,Field,CAF0943,"760.0115926396629"
"944",fault,N,"10",certain,certain,02.01.03,,DAS1,Aerial Photo,CAF0944,"803.5225370100853"
"945",fault,N,"5",certain,certain,02.01.03,,DAS1,Aerial Photo,CAF0945,"285.1577161190394"
"946",contact,N,"5",certain,certain,01.01.01,,DAS1,Lidar,CAF0946,"387.6206769645721"
"947",fault,N,"5",certain,certain,02.01.01,,DAS1,Aerial Photo,CAF0947,"615.5725468463955"
"948",contact,N,"5",certain,certain,01.01.01,,DAS1,Field,CAF0948,"395.3458390207011"
"949",contact,Y,"10",certain,certain,01.01.07,,DAS1,Aerial Photo,CAF0949,"195.0688203914168"
"950",fault,N,"10",certain,certain,02.01.03,,DAS1,Aerial Photo,CAF0950,"1161.400404555301"
"951",fault,N,"5",certain,certain,02.01.01,,DAS1,,CAF0951,"867.2595427892651"
"952",fault,N,"10",certain,certain,02.01.01,,DAS1,Lidar,CAF0952,"920.5982218966697"
"953",fault,N,"10",certain,certain,02.01.03,,DAS1,Lidar,CAF0953,"386.3286881801343"
"954",fault,N,"10",certain,certain,02.01.03,,DAS1,Aerial Photo,CAF0954,"482.011833334529"
"955",fault,N,"10",certain,certain,02.01.01,Bartlett Springs fault,DAS1,,CAF0955,"607.7339648014392"
"956",fault,N,"10",certain,certain,02.01.03,Bartlett Springs fault,DAS1,,CAF0956,"223.9936521233006"
"957",fault,N,"10",certain,certain,02.01.03,,DAS1,,CAF0957,"447.2894023906397"
"958",fault,N,"10",certain,certain,02.01.03,,DAS1,,CAF0958,"583.7515819010854"
"959",contact,N,"5",certain,certain,01.01.01,,DAS1,,CAF0959,"629.6373356937511"
"960",contact,N,"5",certain,certain,01.01.01,,DAS1,,CAF0960,"763.2037190157222"
"961",contact,N,"5",certain,certain,01.01.01,,DAS1,,CAF0961,"1737.867604743027"
"962",fault,N,"10",certain,certain,02.01.03,,DAS1,,CAF0962,"110.4004948827848"
"963",fault,N,"10",certain,certain,02.01.03,,DAS1,,CAF0963,"238.8349712321862"
"964",fault,N,"10",certain,certain,02.01.03,,DAS1,,CAF0964,"414.2693059449221"
"965",fault,N,"10",certain,certain,02.01.03,,DAS1,,CAF0965,"297.3518072735536"
"966",contact,N,"5",certain,certain,01.01.01,,DAS1,,CAF0966,"659.0724628010006"
"967",contact,N,"5",certain,certain,01.01.01,,DAS1,,CAF0967,"1294.943419982075"
"968",contact,N,"5",certain,certain,01.01.01,,DAS1,,CAF0968,"832.4719924878033"
"969",contact,N,"5",certain,certain,01.01.01,,DAS1,,CAF0969,"572.32782069795"
"970",fault,N,"25",certain,certain,02.01.03,,DAS1,,CAF0970,"119.6844815946398"
"971",fault,N,"5",certain,certain,02.01.03,Bartlett Springs fault,DAS1,,CAF0971,"671.2625064265989"
"972",contact,N,"10",certain,certain,01.01.03,,DAS1,,CAF0972,"146.007746271795"
"973",fault,N,"5",certain,certain,02.01.01,,DAS1,Aerial Photo,CAF0973,"230.0059107151663"
"974","fault, normal",Y,"10",certain,certain,02.02.07,McLaughlin Reserve fault,DAS1,Filed,CAF0974,"55.86218639892259"
"975","fault, normal",N,"10",certain,certain,02.02.01,McLaughlin Reserve fault,DAS1,Filed,CAF0975,"87.98175726727777"
"976","fault, normal",Y,"10",certain,certain,02.02.07,McLaughlin Reserve fault,DAS1,Filed,CAF0976,"261.2148302876763"
"977",fault,N,"5",certain,certain,02.02.01,,DAS1,Aerial Photo,CAF0977,"4540.993914801886"
"978",fault,N,"10",questionable,questionable,02.01.03,,DAS1,Lidar,CAF0978,"596.6125051753992"
"979",fault,N,"5",certain,certain,02.01.01,,DAS1,Field,CAF0979,"666.1184150511795"
"980",fault,N,"25",certain,certain,02.01.01,,DAS1,Field,CAF0980,"589.4568325156567"
"981",fault,N,"5",certain,certain,02.01.01,,DAS1,Aerial Photo,CAF0981,"1650.320905306259"
"982",contact,N,"5",certain,certain,01.01.01,,DAS1,Lidar,CAF0982,"1423.752333972597"
"983",contact,N,"5",certain,certain,01.01.01,,DAS1,Lidar,CAF0983,"213.5349889122583"
"984",contact,N,"5",certain,certain,01.01.01,,DAS1,Lidar,CAF0984,"287.0372708266897"
"985",contact,N,"5",certain,certain,01.01.01,,DAS1,Lidar,CAF0985,"546.0156492901931"
"986","fault, normal",N,"5",certain,certain,02.02.01,,DAS1,Aerial Photo,CAF0986,"961.2362524734368"
"987",fault,N,"5",certain,certain,02.01.01,,DAS1,Aerial Photo,CAF0987,"676.6511674427556"
"988",contact,N,"5",certain,certain,01.01.01,,DAS1,Lidar,CAF0988,"454.0168466832238"
"989",contact,N,"5",certain,certain,01.01.01,,DAS1,Lidar,CAF0989,"21.27227321604703"
"990",contact,N,"5",certain,certain,01.01.01,,DAS1,Lidar,CAF0990,"551.5821820826626"
"991",contact,N,"5",certain,certain,01.01.01,,DAS1,Aerial Photo,CAF0991,"572.0980012632643"
"992",contact,N,"5",certain,certain,01.01.01,,DAS1,Lidar,CAF0992,"313.5455787973257"
"993",contact,N,"5",certain,certain,01.01.01,,DAS1,Lidar,CAF0993,"1136.102114205077"
"994",contact,N,"5",certain,certain,01.01.01,,DAS1,Lidar,CAF0994,"156.9183076341415"
"995",contact,N,"5",certain,certain,01.01.01,,DAS1,Lidar,CAF0995,"1742.85697789854"
"996",fault,N,"5",certain,certain,02.01.01,,DAS1,Aerial Photo,CAF0996,"548.8783686258853"
"997",contact,N,"5",certain,certain,01.01.01,,DAS1,Lidar,CAF0997,"4257.094025207615"
"998",contact,N,"5",certain,certain,01.01.01,,DAS1,Lidar,CAF0998,"1519.906422062276"
"999",contact,N,"5",certain,certain,01.01.01,,DAS1,,CAF0999,"556.5115096555922"
"1000",contact,N,"5",certain,certain,01.01.01,,DAS1,,CAF1000,"1224.413838459215"
"1001",contact,N,"5",certain,certain,01.01.01,,DAS1,Lidar,CAF1001,"841.0332663378136"
"1002",contact,N,"5",certain,certain,01.01.01,,DAS1,Lidar,CAF1002,"2071.469316727865"
"1003",contact,N,"5",certain,certain,01.01.01,,DAS1,Lidar,CAF1003,"728.201815585776"
"1004",contact,N,"5",certain,certain,01.01.01,,DAS1,Lidar,CAF1004,"856.4134122600178"
"1005","fault, reverse",Y,"10",certain,certain,02.08.07,,DAS1,Aerial Photo,CAF1005,"105.1967394502981"
"1006",contact,N,"5",certain,certain,01.01.01,,DAS1,,CAF1006,"829.5345188705215"
"1007",contact,N,"5",certain,certain,01.01.01,,DAS1,Lidar,CAF1007,"1124.12658575008"
"1008",contact,N,"5",certain,certain,01.01.01,,DAS1,Lidar,CAF1008,"870.4269856333055"
"1009",contact,N,"5",certain,certain,01.01.01,,DAS1,Lidar,CAF1009,"2714.35069200942"
"1010",contact,N,"5",certain,certain,01.01.01,,DAS1,Lidar,CAF1010,"314.2151464806082"
"1011",contact,N,"5",certain,certain,01.01.01,,DAS1,Lidar,CAF1011,"898.1737995149518"
"1012",contact,N,"5",certain,certain,01.01.01,,DAS1,Lidar,CAF1012,"603.3866740633659"
"1013",contact,N,"5",certain,certain,01.01.01,,DAS1,Lidar,CAF1013,"741.8839964535541"
"1014",contact,N,"5",certain,certain,01.01.01,,DAS1,,CAF1014,"1572.657208330632"
"1015",fault,N,"5",certain,certain,02.07.01,,DAS1,,CAF1015,"2517.144807854262"
"1016",fault,N,"5",certain,certain,02.01.01,,DAS1,Aerial Photo,CAF1016,"328.8073662015444"
"1017",contact,N,"5",certain,certain,01.01.01,,DAS1,Aerial Photo,CAF1017,"2942.823071637953"
"1018","fault, normal",N,"5",certain,certain,02.02.01,,DAS1,Aerial Photo,CAF1018,"1259.685727829374"
"1019",contact,N,"5",certain,certain,01.01.01,,DAS1,,CAF1019,"984.528568929135"
"1020",contact,N,"5",certain,certain,01.01.01,,DAS1,Lidar,CAF1020,"424.7660378990354"
"1021",contact,N,"5",certain,certain,01.01.01,,DAS1,Lidar,CAF1021,"558.6109360996271"
"1022",contact,N,"5",certain,certain,01.01.01,,DAS1,Lidar,CAF1022,"1167.096446090515"
"1023",contact,N,"5",certain,certain,01.01.01,,DAS1,Lidar,CAF1023,"218.2293650808331"
"1024",contact,N,"5",certain,certain,01.01.01,,DAS1,Lidar,CAF1024,"1390.455389869659"
"1025",contact,N,"5",certain,certain,01.01.01,,DAS1,Lidar,CAF1025,"514.8461583638234"
"1026",contact,N,"5",certain,certain,01.01.01,,DAS1,,CAF1026,"1536.532713685067"
"1027",contact,N,"5",certain,certain,01.01.01,,DAS1,Lidar,CAF1027,"948.1561173845998"
"1028",contact,N,"5",certain,certain,01.01.01,,DAS1,Lidar,CAF1028,"725.4261820350398"
"1029",contact,N,"5",certain,certain,01.01.01,,DAS1,Lidar,CAF1029,"305.1618403267324"
"1030",contact,N,"5",certain,certain,01.01.01,,DAS1,,CAF1030,"736.9620233331129"
"1031",fault,N,"5",certain,certain,02.01.01,,DAS1,Aerial Photo,CAF1031,"2014.472243283684"
"1032",fault,N,"5",certain,certain,02.01.01,,DAS1,,CAF1032,"1424.01702863478"
"1033",fault,N,"5",certain,certain,02.01.01,,DAS1,,CAF1033,"1089.356578599706"
"1034","fault, normal",N,"5",certain,certain,02.02.01,,DAS1,Aerial Photo,CAF1034,"697.1811330858937"
"1035",contact,N,"5",certain,certain,01.01.01,,DAS1,Lidar,CAF1035,"1211.423251018476"
"1036",contact,N,"5",certain,certain,01.01.01,,DAS1,Lidar,CAF1036,"1943.772259330153"
"1037",contact,N,"5",certain,certain,01.01.01,,DAS1,Lidar,CAF1037,"813.3189954291922"
"1038",contact,N,"5",certain,certain,01.01.01,,DAS1,,CAF1038,"1598.556130522131"
"1039",fault,N,"5",certain,certain,02.01.01,,DAS1,,CAF1039,"253.4265967039598"
"1040","fault, normal",N,"5",certain,certain,02.02.01,,DAS1,,CAF1040,"568.9931987154932"
"1041",fault,N,"5",certain,certain,02.01.01,,DAS1,,CAF1041,"869.0176880786797"
"1042",fault,N,"5",certain,certain,02.01.01,,DAS1,,CAF1042,"684.2923333381684"
"1043",contact,N,"25",certain,certain,01.01.03,,DAS1,Aerial Photo,CAF1043,"2246.108436676998"
"1044",contact,N,"10",certain,certain,01.01.01,,DAS1,Aerial Photo,CAF1044,"1070.281940759692"
"1045",contact,Y,"25",certain,certain,01.01.07,,DAS1,,CAF1045,"208.6429969945447"
"1046",contact,N,"10",certain,certain,01.01.01,,DAS1,,CAF1046,"743.8200601824469"
"1047","fault, normal",Y,"5",certain,certain,02.02.07,,DAS1,Aerial Photo,CAF1047,"363.3609058307302"
"1048",fault,N,"25",questionable,questionable,02.01.03,,DAS1,,CAF1048,"2967.742706961823"
"1049",fault,N,"10",questionable,questionable,02.01.03,,DAS1,,CAF1049,"1298.086632284862"
"1050","fault, normal",N,"5",certain,certain,02.02.01,,DAS1,Field,CAF1050,"560.1719895750681"
"1051","fault, normal",Y,"5",certain,certain,02.02.07,,DAS1,Field,CAF1051,"232.4785732739027"
"1052",fault,N,"10",certain,questionable,02.01.03,,DAS1,,CAF1052,"26.92080995824431"
"1053","fault, normal",Y,"5",certain,certain,02.02.07,,DAS1,,CAF1053,"158.5139925681595"
"1054",contact,N,"5",certain,certain,01.01.01,,DAS1,,CAF1054,"1442.38922742222"
"1055",contact,N,"5",certain,certain,01.01.01,,DAS1,,CAF1055,"1009.417262885545"
"1056",contact,N,"5",certain,certain,01.01.01,,DAS1,,CAF1056,"2434.318879196937"
"1057",contact,N,"5",certain,certain,01.01.01,,DAS1,,CAF1057,"657.4406012973091"
"1058",contact,Y,"25",certain,certain,01.01.07,,DAS1,,CAF1058,"141.0703607478704"
"1059",contact,N,"25",certain,certain,01.01.03,,DAS1,,CAF1059,"79.59424177311085"
"1060",fault,Y,"10",questionable,questionable,02.01.07,,DAS1,,CAF1060,"155.0549484812111"
"1061",fault,N,"10",certain,questionable,02.01.01,,DAS1,,CAF1061,"1075.679284313238"
"1062","fault, normal",N,"5",certain,certain,02.02.01,,DAS1,Field,CAF1062,"267.9850933842193"
"1063","fault, normal",Y,"5",certain,certain,02.02.07,,DAS1,,CAF1063,"371.7239771565087"
"1064",fault,N,"25",certain,certain,02.01.03,,DAS1,,CAF1064,"205.5633518031816"
"1065",fault,N,"25",certain,certain,02.01.03,,DAS1,,CAF1065,"269.5561019395476"
"1066",contact,N,"10",certain,certain,01.01.01,,DAS1,,CAF1066,"739.3539887369683"
"1067",contact,N,"10",certain,certain,01.01.01,,DAS1,,CAF1067,"74.73777019679436"
"1068",contact,N,"5",certain,certain,01.01.01,,DAS1,,CAF1068,"1014.237989121381"
"1069",fault,N,"50",questionable,questionable,02.01.03,,DAS1,,CAF1069,"1399.936062940889"
"1070",contact,N,"5",certain,certain,01.01.01,,DAS1,,CAF1070,"500.6389734086473"
"1071",fault,N,"5",certain,certain,02.01.01,,DAS1,,CAF1071,"2094.207570775119"
"1072",fault,N,"25",questionable,questionable,02.01.03,,DAS1,,CAF1072,"167.2216197998284"
"1073",fault,N,"25",certain,certain,02.01.03,,DAS1,,CAF1073,"862.3486049004844"
"1074",fault,N,"10",certain,certain,02.01.01,,DAS1,,CAF1074,"83.24429407780309"
"1075",fault,N,"25",questionable,questionable,02.01.03,,DAS1,,CAF1075,"154.5539289471507"
"1076","fault, normal",N,"5",certain,certain,02.02.01,,DAS1,,CAF1076,"233.7553631595129"
"1077","fault, normal",Y,"5",certain,certain,02.02.07,,DAS1,,CAF1077,"219.2006047170833"
"1078",fault,N,"25",certain,certain,02.01.01,,DAS1,,CAF1078,"154.4217861713238"
"1079",fault,N,"25",certain,certain,02.01.01,,DAS1,,CAF1079,"51.86706070972858"
"1080",fault,Y,"25",certain,certain,02.01.07,,DAS1,,CAF1080,"121.9823319621785"
"1081",fault,Y,"25",certain,certain,02.01.07,,DAS1,,CAF1081,"156.051029630536"
"1082",fault,Y,"25",certain,certain,02.01.07,,DAS1,,CAF1082,"253.7868535411602"
"1083",fault,N,"25",questionable,questionable,02.01.03,,DAS1,,CAF1083,"505.4816802433358"
"1084",fault,N,"25",questionable,questionable,02.01.03,,DAS1,,CAF1084,"174.2077177884792"
"1085","fault, normal",N,"5",certain,certain,02.02.01,,DAS1,,CAF1085,"176.1165116213796"
"1086","fault, normal",Y,"5",certain,certain,02.02.07,,DAS1,,CAF1086,"441.233166402642"
"1087",contact,N,"5",certain,certain,01.01.01,,DAS1,Lidar,CAF1087,"507.5869765805138"
"1088",contact,N,"5",certain,certain,01.01.01,,DAS1,Lidar,CAF1088,"524.8440158683235"
"1089",contact,N,"5",certain,certain,01.01.01,,DAS1,Aerial Photo,CAF1089,"1295.926065326461"
"1090",contact,N,"5",certain,certain,01.01.01,,DAS1,Field,CAF1090,"1271.424151166829"
"1091",contact,N,"5",certain,certain,01.01.01,,DAS1,,CAF1091,"159.5701002897135"
"1092",contact,N,"5",certain,certain,01.01.01,,DAS1,,CAF1092,"953.8928868033495"
"1093",contact,N,"5",certain,certain,01.01.01,,DAS1,,CAF1093,"357.2399567469623"
"1094",contact,N,"5",certain,certain,01.01.01,,DAS1,,CAF1094,"447.549706404856"
"1095",contact,N,"5",certain,certain,01.01.01,,DAS1,,CAF1095,"11096.46697838696"
"1096",contact,N,"5",certain,certain,01.01.01,,DAS1,,CAF1096,"8115.219079699588"
"1097",contact,N,"5",certain,certain,01.01.01,,DAS1,,CAF1097,"911.7917085418602"
"1098",contact,N,"5",certain,certain,01.01.01,,DAS1,Lidar,CAF1098,"273.6785175801066"
"1099",contact,N,"5",certain,certain,01.01.01,,DAS1,,CAF1099,"2030.867918091338"
"1100",contact,N,"5",certain,certain,01.01.01,,DAS1,,CAF1100,"243.53075085743"
"1101",contact,N,"5",certain,certain,01.01.01,,DAS1,,CAF1101,"88.68645425793599"
"1102",contact,N,"5",certain,certain,01.01.01,,DAS1,,CAF1102,"520.2446125641465"
"1103",contact,N,"5",certain,certain,01.01.01,,DAS1,Field,CAF1103,"935.6948178611167"
"1104",contact,N,"5",certain,certain,01.01.01,,DAS1,,CAF1104,"245.4189873747548"
"1105",contact,N,"5",certain,certain,01.01.01,,DAS1,,CAF1105,"293.5487162769043"
"1106",contact,N,"5",certain,certain,01.01.01,,DAS1,Lidar,CAF1106,"57.72472637800297"
"1107",contact,N,"5",certain,certain,01.01.01,,DAS1,Lidar,CAF1107,"230.3680737626189"
"1108",fault,N,"5",certain,certain,02.01.01,,DAS1,Aerial Photo,CAF1108,"1926.908136383817"
"1109",contact,N,"5",certain,certain,01.01.01,,DAS1,Aerial Photo,CAF1109,"2323.980264038829"
"1110",contact,N,"5",certain,certain,01.01.01,,DAS1,Lidar,CAF1110,"768.4840971710084"
"1111",contact,N,"5",certain,certain,01.01.01,,DAS1,,CAF1111,"369.3406908621577"
"1112",contact,N,"5",certain,certain,01.01.01,,DAS1,,CAF1112,"6395.569207623223"
"1113",contact,N,"5",certain,certain,01.01.01,,DAS1,Lidar,CAF1113,"746.514850611513"
"1114",contact,N,"5",certain,certain,01.01.01,,DAS1,Lidar,CAF1114,"1016.152211072674"
"1115",contact,N,"5",certain,certain,01.01.01,,DAS1,Lidar,CAF1115,"708.8507344105876"
"1116",contact,N,"5",certain,certain,01.01.01,,DAS1,Lidar,CAF1116,"1772.429210865767"
"1117",contact,N,"5",certain,certain,01.01.01,,DAS1,Lidar,CAF1117,"1015.835314574375"
"1118",contact,N,"5",certain,certain,01.01.01,,DAS1,Lidar,CAF1118,"408.2798693294575"
"1119",contact,N,"5",certain,certain,01.01.01,,DAS1,Lidar,CAF1119,"633.859293854202"
"1120",contact,N,"5",certain,certain,01.01.01,,DAS1,Lidar,CAF1120,"228.383431614916"
"1121",contact,N,"5",certain,certain,01.01.01,,DAS1,,CAF1121,"777.7731861989532"
"1122",contact,N,"5",certain,certain,01.01.01,,DAS1,Lidar,CAF1122,"371.2673248062729"
"1123",contact,N,"5",certain,certain,01.01.01,,DAS1,Lidar,CAF1123,"574.0576944558796"
"1124",contact,N,"5",certain,certain,01.01.01,,DAS1,Lidar,CAF1124,"621.8899677389647"
"1125",contact,N,"5",certain,certain,01.01.01,,DAS1,,CAF1125,"1930.252314061341"
"1126",contact,N,"5",certain,certain,01.01.01,,DAS1,,CAF1126,"1715.745923646422"
"1127",contact,N,"5",certain,certain,01.01.01,,DAS1,,CAF1127,"1753.663323407751"
"1128",contact,N,"10",certain,certain,01.01.01,,DAS1,Aerial Photo,CAF1128,"1394.959366118268"
"1129",contact,N,"5",certain,certain,01.01.01,,DAS1,,CAF1129,"1080.999734769484"
"1130",contact,N,"5",certain,certain,01.01.01,,DAS1,,CAF1130,"832.628879523055"
"1131",contact,N,"5",certain,certain,01.01.01,,DAS1,,CAF1131,"92.47245426748762"
"1132",contact,N,"5",certain,certain,01.01.01,,DAS1,,CAF1132,"315.0743017230008"
"1133",contact,N,"5",certain,certain,01.01.01,,DAS1,Lidar,CAF1133,"610.2252733626764"
"1134",contact,N,"5",certain,certain,01.01.01,,DAS1,,CAF1134,"523.3784292507978"
"1135",contact,N,"5",certain,certain,01.01.01,,DAS1,,CAF1135,"2420.532431743037"
"1136",contact,N,"5",certain,certain,01.01.01,,DAS1,Lidar,CAF1136,"327.1951372667683"
"1137",contact,N,"5",certain,certain,01.01.01,,DAS1,,CAF1137,"1498.696171965669"
"1138",contact,N,"5",certain,certain,01.01.01,,DAS1,Lidar,CAF1138,"533.9764842782777"
"1139",contact,N,"5",certain,certain,01.01.01,,DAS1,,CAF1139,"506.1259650396189"
"1140",contact,N,"5",certain,certain,01.01.01,,DAS1,Lidar,CAF1140,"412.3778070405464"
"1141",contact,N,"5",certain,certain,01.01.01,,DAS1,Lidar,CAF1141,"1253.598905063617"
"1142",contact,N,"5",certain,certain,01.01.01,,DAS1,Lidar,CAF1142,"925.1925682000806"
"1143",contact,N,"5",certain,certain,01.01.01,,DAS1,Lidar,CAF1143,"138.7258771686202"
"1144",contact,N,"5",certain,certain,01.01.01,,DAS1,Lidar,CAF1144,"1457.165389533752"
"1145",contact,N,"5",certain,certain,01.01.01,,DAS1,,CAF1145,"1623.853201582757"
"1146",contact,N,"5",certain,certain,01.01.01,,DAS1,,CAF1146,"1748.312457326277"
"1147",contact,N,"5",certain,certain,01.01.01,,DAS1,,CAF1147,"213.0317559143298"
"1148",contact,N,"5",certain,certain,01.01.01,,DAS1,,CAF1148,"270.5490374224467"
"1149",contact,N,"5",certain,certain,01.01.01,,DAS1,,CAF1149,"153.022727973657"
"1150",contact,N,"5",certain,certain,01.01.01,,DAS1,Lidar,CAF1150,"505.4594093117877"
"1151",contact,N,"5",certain,certain,01.01.01,,DAS1,Lidar,CAF1151,"403.6321609155544"
"1152",contact,N,"5",certain,certain,01.01.01,,DAS1,Lidar,CAF1152,"25.02515125936965"
"1153",contact,N,"5",certain,certain,01.01.01,,DAS1,Lidar,CAF1153,"740.0016234226416"
"1154",contact,N,"5",certain,certain,01.01.01,,DAS1,Lidar,CAF1154,"234.9505462501515"
"1155",contact,N,"5",certain,certain,01.01.01,,DAS1,Lidar,CAF1155,"1468.585192599957"
"1156",contact,N,"5",certain,certain,01.01.01,,DAS1,Lidar,CAF1156,"158.3870715924956"
"1157",contact,N,"5",certain,certain,01.01.01,,DAS1,,CAF1157,"2147.039031437194"
"1158",contact,N,"5",certain,certain,01.01.01,,DAS1,,CAF1158,"597.7780463241012"
"1159",contact,N,"5",certain,certain,01.01.01,,DAS1,,CAF1159,"106.1440460682447"
"1160",contact,N,"5",certain,certain,01.01.01,,DAS1,,CAF1160,"774.9082842993525"
"1161",contact,N,"5",certain,certain,01.01.01,,DAS1,Lidar,CAF1161,"646.6562704679274"
"1162",contact,N,"5",certain,certain,01.01.01,,DAS1,Lidar,CAF1162,"517.791620565194"
"1163",contact,N,"5",certain,certain,01.01.01,,DAS1,Lidar,CAF1163,"275.7143400815101"
"1164",contact,N,"5",certain,certain,01.01.01,,DAS1,,CAF1164,"857.1066648377388"
"1165",contact,N,"5",certain,certain,01.01.01,,DAS1,,CAF1165,"963.4563165534454"
"1166",contact,N,"5",certain,certain,01.01.01,,DAS1,,CAF1166,"1147.218177270687"
"1167",contact,N,"5",certain,certain,01.01.01,,DAS1,Lidar,CAF1167,"198.5584412913735"
"1168",contact,N,"5",certain,certain,01.01.01,,DAS1,Lidar,CAF1168,"643.8074326960846"
"1169",contact,N,"5",certain,certain,01.01.01,,DAS1,Lidar,CAF1169,"310.1754511571422"
"1170",contact,N,"5",certain,certain,01.01.01,,DAS1,Lidar,CAF1170,"541.6988335706915"
"1171",contact,N,"5",certain,certain,01.01.01,,DAS1,Lidar,CAF1171,"19.18743391508601"
"1172",fault,N,"5",certain,certain,02.01.01,,DAS1,Aerial Photo,CAF1172,"1207.914712896847"
"1173",contact,N,"5",certain,certain,01.01.01,,DAS1,Lidar,CAF1173,"276.9649986516606"
"1174",contact,N,"5",certain,certain,01.01.01,,DAS1,Lidar,CAF1174,"365.4637939308225"
"1175",contact,N,"5",certain,certain,01.01.01,,DAS1,Lidar,CAF1175,"449.8277239174453"
"1176",contact,N,"5",certain,certain,01.01.01,,DAS1,Lidar,CAF1176,"42.28627419517905"
"1177",contact,N,"5",certain,certain,01.01.01,,DAS1,,CAF1177,"14.3016433642574"
"1178",contact,N,"5",certain,certain,01.01.01,,DAS1,,CAF1178,"1425.949501166186"
"1179",contact,N,"5",certain,certain,01.01.01,,DAS1,,CAF1179,"197.3191202499399"
"1180",contact,N,"5",certain,certain,01.01.01,,DAS1,,CAF1180,"244.9497695009693"
"1181",contact,N,"5",certain,certain,01.01.01,,DAS1,Lidar,CAF1181,"73.30598431169182"
"1182",contact,N,"5",certain,certain,01.01.01,,DAS1,Lidar,CAF1182,"44.42024601523202"
"1183",contact,N,"5",certain,certain,01.01.01,,DAS1,,CAF1183,"182.2490989467539"
"1184",contact,N,"5",certain,certain,01.01.01,,DAS1,Lidar,CAF1184,"540.0372890117368"
"1185",contact,N,"5",certain,certain,01.01.01,,DAS1,,CAF1185,"186.0519384568894"
"1186",contact,N,"5",certain,certain,01.01.01,,DAS1,Lidar,CAF1186,"98.31448843602197"
"1187",contact,N,"5",certain,certain,01.01.01,,DAS1,,CAF1187,"139.1482792783843"
"1188",contact,N,"5",certain,certain,01.01.01,,DAS1,Lidar,CAF1188,"533.4778576589878"
"1189",contact,N,"5",certain,certain,01.01.01,,DAS1,,CAF1189,"89.59529316689454"
"1190",contact,N,"5",certain,certain,01.01.01,,DAS1,,CAF1190,"675.8827558372229"
"1191",contact,N,"5",certain,certain,01.01.01,,DAS1,,CAF1191,"504.795161086813"
"1192",contact,N,"5",certain,certain,01.01.01,,DAS1,,CAF1192,"776.5370839962333"
"1193",contact,N,"5",certain,certain,01.01.01,,DAS1,,CAF1193,"920.8414901209363"
"1194",contact,N,"5",certain,certain,01.01.01,,DAS1,,CAF1194,"757.8081526702043"
"1195",contact,N,"5",certain,certain,01.01.01,,DAS1,,CAF1195,"239.629312014658"
"1196",contact,N,"5",certain,certain,01.01.01,,DAS1,,CAF1196,"763.5560375579444"
"1197",fault,N,"5",certain,certain,02.01.01,,DAS1,Aerial Photo,CAF1197,"60.21731136909626"
"1198",fault,N,"5",certain,certain,02.01.01,,DAS1,Aerial Photo,CAF1198,"761.174410801076"
"1199",contact,N,"5",certain,certain,01.01.01,,DAS1,,CAF1199,"3161.778622985655"
"1200",contact,N,"5",certain,certain,01.01.01,,DAS1,,CAF1200,"964.8966201040483"
"1201",contact,N,"5",certain,certain,01.01.01,,DAS1,,CAF1201,"1095.838230887608"
"1202",contact,N,"5",certain,certain,01.01.01,,DAS1,,CAF1202,"186.3908148643456"
"1203",contact,N,"5",certain,certain,01.01.01,,DAS1,Lidar,CAF1203,"291.8782578324421"
"1204",contact,N,"5",certain,certain,01.01.01,,DAS1,,CAF1204,"457.5200562135977"
"1205",contact,N,"5",certain,certain,01.01.01,,DAS1,Lidar,CAF1205,"358.4944083545167"
"1206",contact,N,"5",certain,certain,01.01.01,,DAS1,Lidar,CAF1206,"1885.201335349025"
"1207",contact,N,"5",certain,certain,01.01.01,,DAS1,,CAF1207,"2345.559528586818"
"1208",contact,N,"5",certain,certain,01.01.01,,DAS1,,CAF1208,"1691.21030165566"
"1209",contact,N,"5",certain,certain,01.01.01,,DAS1,,CAF1209,"1826.206313657588"
"1210",contact,N,"5",certain,certain,01.01.01,,DAS1,,CAF1210,"2134.437995406748"
"1211",contact,N,"5",certain,certain,01.01.01,,DAS1,Lidar,CAF1211,"1433.384823575509"
"1212",contact,N,"5",certain,certain,01.01.01,,DAS1,,CAF1212,"1129.679772026152"
"1213",contact,N,"5",certain,certain,01.01.01,,DAS1,Lidar,CAF1213,"1119.939203739307"
"1214",contact,N,"5",certain,certain,01.01.01,,DAS1,Lidar,CAF1214,"873.8929263078754"
"1215",contact,N,"5",certain,certain,01.01.01,,DAS1,Lidar,CAF1215,"484.6659382622273"
"1216",contact,N,"5",certain,certain,01.01.01,,DAS1,Lidar,CAF1216,"780.5574551782554"
"1217",contact,N,"5",certain,certain,01.01.01,,DAS1,Lidar,CAF1217,"112.374720572159"
"1218",contact,N,"5",certain,certain,01.01.01,,DAS1,,CAF1218,"1208.766591664457"
"1219",fault,Y,"10",certain,certain,02.01.07,,DAS1,,CAF1219,"369.2085567350769"
"1220",fault,Y,"5",certain,certain,02.01.07,,DAS1,,CAF1220,"58.18535071302891"
"1221",fault,N,"10",certain,certain,02.01.03,,DAS1,,CAF1221,"453.248858407075"
"1222",fault,N,"5",certain,certain,02.01.01,,DAS1,Field,CAF1222,"84.94453758195908"
"1223",fault,N,"5",certain,certain,02.01.01,,DAS1,Field,CAF1223,"185.1127368802176"
"1224",contact,N,"5",certain,certain,01.01.01,,DAS1,Field,CAF1224,"638.7909759541287"
"1225",contact,N,"5",certain,certain,01.01.01,,DAS1,,CAF1225,"665.9007517915464"
"1226",fault,Y,"25",certain,certain,02.01.07,,DAS1,Field,CAF1226,"675.5169093550435"
"1227",fault,Y,"10",certain,certain,02.01.07,,DAS1,Field,CAF1227,"1478.965099862885"
"1228",fault,Y,"10",certain,certain,02.01.07,,DAS1,Field,CAF1228,"432.8781251365999"
"1229",fault,N,"5",certain,certain,02.01.03,,DAS1,Field,CAF1229,"1771.687142706263"
"1230",fault,Y,"25",certain,certain,02.01.07,,DAS1,Field,CAF1230,"538.9060169996912"
"1231",fault,N,"10",certain,certain,02.01.03,,DAS1,Field,CAF1231,"1373.794299253005"
"1232",fault,Y,"10",certain,certain,02.01.07,,DAS1,Field,CAF1232,"490.2794061590242"
"1233",fault,N,"5",certain,certain,02.01.01,,DAS1,Field,CAF1233,"34.85308455079215"
"1234",contact,N,"5",certain,certain,01.01.01,,DAS1,Field,CAF1234,"507.9324782319765"
"1235",fault,Y,"10",certain,certain,02.01.07,,DAS1,Field,CAF1235,"683.8376079356706"
"1236",fault,N,"25",certain,certain,02.01.03,,DAS1,Field,CAF1236,"1313.767734059127"
"1237",fault,N,"25",certain,certain,02.01.04,,DAS1,,CAF1237,"628.916056252572"
"1238",contact,N,"5",certain,certain,01.01.01,,DAS1,,CAF1238,"158.4640993404892"
"1239",fault,N,"10",certain,certain,02.01.01,,DAS1,,CAF1239,"143.2158151939482"
"1240",fault,Y,"10",certain,certain,02.01.07,,DAS1,,CAF1240,"92.08615237244608"
"1241",fault,N,"10",certain,certain,02.01.01,,DAS1,,CAF1241,"59.3587994523746"
"1242",fault,Y,"10",certain,certain,02.01.07,,DAS1,,CAF1242,"104.2136062250318"
"1243",contact,N,"5",certain,certain,01.01.01,,DAS1,,CAF1243,"617.9987948310362"
"1244",fault,Y,"10",certain,certain,02.01.07,,DAS1,,CAF1244,"146.0372431598872"
"1245",fault,N,"10",certain,certain,02.01.01,,DAS1,,CAF1245,"7.974948592196317"
"1246",contact,N,"5",certain,certain,01.01.01,,DAS1,,CAF1246,"563.2663881962575"
"1247",fault,Y,"10",certain,certain,02.01.07,,DAS1,Field,CAF1247,"72.12510897683406"
"1248",fault,N,"10",certain,certain,02.01.03,,DAS1,,CAF1248,"66.65538486622503"
"1249",contact,N,"5",certain,certain,01.01.01,,DAS1,,CAF1249,"451.9264773977595"
"1250",contact,N,"25",certain,certain,01.01.01,,DAS1,,CAF1250,"121.4384904773215"
"1251",contact,N,"5",certain,certain,01.01.01,,DAS1,,CAF1251,"1437.997622491227"
"1252",fault,Y,"25",certain,certain,02.01.07,,DAS1,Field,CAF1252,"152.9180055612385"
"1253",fault,Y,"25",certain,certain,02.01.07,,DAS1,Field,CAF1253,"51.92260860928246"
"1254",fault,N,"25",certain,certain,02.01.03,,DAS1,Field,CAF1254,"31.36116314632326"
"1255",fault,N,"25",certain,certain,02.01.03,,DAS1,Field,CAF1255,"36.25054469981104"
"1256",fault,N,"25",certain,certain,02.01.03,,DAS1,Field,CAF1256,"338.3570726932864"
"1257",fault,N,"25",certain,certain,02.01.03,,DAS1,Field,CAF1257,"86.852112425364"
"1258",fault,Y,"10",certain,certain,02.01.07,,DAS1,Field,CAF1258,"61.62092603707575"
"1259",fault,N,"10",certain,certain,02.01.03,,DAS1,Field,CAF1259,"18.54371061044994"
"1260",contact,N,"5",certain,certain,01.01.01,,DAS1,,CAF1260,"303.5407192448423"
"1261",fault,N,"10",certain,certain,02.01.03,,DAS1,Aerial Photo,CAF1261,"970.4907448413851"
"1262",fault,N,"5",certain,certain,02.01.01,,DAS1,Aerial Photo,CAF1262,"641.5184669169938"
"1263",fault,N,"5",certain,certain,02.01.01,,DAS1,Aerial Photo,CAF1263,"1068.722107897027"
"1264",contact,N,"5",certain,certain,01.01.01,,DAS1,Lidar,CAF1264,"755.3130404748566"
"1265",contact,N,"5",certain,certain,01.01.01,,DAS1,Lidar,CAF1265,"1873.509264185323"
"1266",contact,N,"5",certain,certain,01.01.01,,DAS1,,CAF1266,"6113.822324824111"
"1267",contact,N,"5",certain,certain,01.01.01,,DAS1,Lidar,CAF1267,"7535.642656224511"
"1268",fault,N,"5",certain,certain,02.01.01,,DAS1,Lidar,CAF1268,"263.8362860017293"
"1269",contact,N,"5",certain,certain,01.01.01,,DAS1,Aerial Photo,CAF1269,"112.4453382206113"
"1270",fault,N,"5",certain,certain,02.01.01,,DAS1,Aerial Photo,CAF1270,"1730.711078946166"
"1271",contact,N,"5",certain,certain,01.01.01,,DAS1,Lidar,CAF1271,"1328.311847013065"
"1272",contact,N,"5",certain,certain,01.01.01,,DAS1,,CAF1272,"1032.847916158003"
"1273",contact,N,"5",certain,certain,01.01.01,,DAS1,,CAF1273,"676.7703305557014"
"1274",contact,N,"5",certain,certain,01.01.01,,DAS1,Lidar,CAF1274,"880.9090277509696"
"1275",fault,N,"5",certain,certain,02.08.01,,DAS1,Aerial Photo,CAF1275,"4067.694146236467"
"1276",fault,N,"5",certain,certain,02.01.01,,DAS1,Aerial Photo,CAF1276,"7538.811315944116"
"1277",contact,N,"5",certain,certain,01.01.01,,DAS1,Aerial Photo,CAF1277,"19.22420332730519"
"1278",fault,Y,"25",certain,certain,02.01.07,,DAS1,Field,CAF1278,"334.054042088086"
"1279",contact,N,"5",certain,certain,01.01.01,,DAS1,Aerial Photo,CAF1279,"468.693774579263"
"1280",contact,N,"5",certain,certain,01.01.01,,DAS1,Aerial Photo,CAF1280,"786.2036045689732"
"1281",contact,N,"5",certain,certain,01.01.01,,DAS1,Aerial Photo,CAF1281,"484.1553732672728"
"1282",contact,N,"5",certain,certain,01.01.01,,DAS1,Lidar,CAF1282,"6199.583226951642"
"1283",fault,N,"5",certain,certain,02.01.01,,DAS1,,CAF1283,"8848.284733112023"
"1284",contact,N,"5",certain,certain,01.01.01,,DAS1,,CAF1284,"1360.602263006029"
"1285",contact,N,"5",certain,certain,01.01.01,,DAS1,,CAF1285,"878.7458682689695"
"1286",fault,Y,"5",certain,certain,02.01.07,,DAS1,,CAF1286,"327.8497410459695"
"1287",contact,N,"5",certain,certain,01.01.01,,DAS1,,CAF1287,"860.1642335286923"
"1288",contact,N,"5",certain,certain,01.01.01,,DAS1,,CAF1288,"300.8565242557526"
"1289",contact,N,"5",certain,certain,01.01.01,,DAS1,,CAF1289,"934.3207155041329"
"1290",contact,N,"5",certain,certain,01.01.01,,DAS1,,CAF1290,"998.8611956035463"
"1291",contact,N,"5",certain,certain,01.01.01,,DAS1,,CAF1291,"1294.627606304363"
"1292",fault,N,"5",certain,certain,02.01.01,,DAS1,,CAF1292,"85.27195165281914"
"1293",contact,N,"5",certain,certain,01.01.01,,DAS1,,CAF1293,"1120.146352386098"
"1294",fault,Y,"5",certain,certain,02.01.07,,DAS1,,CAF1294,"124.8985287334962"
"1295",fault,Y,"5",certain,certain,02.01.07,,DAS1,,CAF1295,"638.6786753984708"
"1296",contact,N,"5",certain,certain,01.01.03,,DAS1,,CAF1296,"971.8355974769888"
"1297",contact,N,"5",certain,certain,01.01.01,,DAS1,Lidar,CAF1297,"750.4146781074936"
"1298",fault,Y,"10",certain,certain,02.01.07,,DAS1,Lidar,CAF1298,"344.8847109014265"
"1299",contact,N,"5",certain,certain,01.01.01,,DAS1,Lidar,CAF1299,"1901.784586132919"
"1300",contact,N,"5",certain,certain,01.01.01,,DAS1,Lidar,CAF1300,"539.1227003207963"
"1301",contact,N,"5",certain,certain,01.01.01,,DAS1,Lidar,CAF1301,"2089.216006360244"
"1302",contact,N,"5",certain,certain,01.01.01,,DAS1,Lidar,CAF1302,"1989.086178097487"
"1303",fault,N,"5",certain,certain,02.01.01,,DAS1,Field,CAF1303,"180.2867253090678"
"1304",fault,N,"25",certain,certain,02.01.03,,DAS1,Field,CAF1304,"1592.506665826372"
"1305",fault,Y,"10",certain,certain,02.01.07,Davis Creek fault,DAS1,Field,CAF1305,"669.2441143698829"
"1306",contact,N,"5",certain,certain,01.01.01,,DAS1,Lidar,CAF1306,"1155.653526692086"
"1307",contact,N,"5",certain,certain,01.01.01,,DAS1,Lidar,CAF1307,"375.6862465123468"
"1308",contact,N,"5",certain,certain,01.01.01,,DAS1,Lidar,CAF1308,"1321.274017422251"
"1309",contact,N,"5",certain,certain,01.01.01,,DAS1,Lidar,CAF1309,"368.0752119388509"
"1310",contact,N,"5",certain,certain,01.01.01,,DAS1,Lidar,CAF1310,"993.1388886513045"
"1311",contact,N,"5",certain,certain,01.01.03,,DAS1,Aerial Photo,CAF1311,"356.3138983088352"
"1312",fault,N,"25",certain,certain,02.01.04,,DAS1,,CAF1312,"526.824299721289"
"1313",contact,N,"5",certain,certain,01.01.01,,DAS1,Lidar,CAF1313,"1064.655520704388"
"1314",fault,N,"5",certain,certain,02.01.01,,DAS1,Field,CAF1314,"474.0140030107087"
"1315",fault,Y,"10",certain,certain,02.01.07,,DAS1,Field,CAF1315,"690.8444190074842"
"1316",fault,Y,"10",certain,certain,02.01.07,,DAS1,Field,CAF1316,"114.9334823110173"
"1317",fault,N,"5",certain,certain,02.01.01,,DAS1,Field,CAF1317,"41.01705883417367"
"1318",fault,Y,"10",certain,certain,02.01.07,,DAS1,Field,CAF1318,"309.1820262489164"
"1319",fault,Y,"10",certain,certain,02.01.07,,DAS1,Field,CAF1319,"212.7953681815847"
"1320",fault,N,"25",questionable,questionable,02.01.04,,DAS2,Field,CAF1320,"1447.679266315183"
"1321",fault,Y,"10",certain,certain,02.01.07,,DAS1,Field,CAF1321,"447.1337737445489"
"1322",contact,N,"5",certain,certain,01.01.01,,DAS1,Field,CAF1322,"443.4114096729443"
"1323",fault,N,"5",certain,certain,02.01.01,,DAS1,Field,CAF1323,"27.20911045255363"
"1324",fault,Y,"10",certain,certain,02.01.07,,DAS1,Field,CAF1324,"93.02351924378283"
"1325",fault,N,"25",certain,certain,02.01.03,,DAS1,Field,CAF1325,"565.6719416351569"
"1326",fault,Y,"10",certain,certain,02.01.07,,DAS1,Field,CAF1326,"300.0242178067712"
"1327",fault,N,"25",certain,certain,02.01.03,,DAS1,Field,CAF1327,"990.5244339762359"
"1328",fault,N,"25",certain,certain,02.01.03,,DAS2,Field,CAF1328,"2745.884829145275"
"1329",fault,N,"10",certain,certain,02.01.01,,DAS1,Field,CAF1329,"194.5849995778094"
"1330",fault,N,"25",certain,certain,02.01.03,,DAS1,Field,CAF1330,"1010.091174553062"
"1331",fault,N,"25",certain,certain,02.01.03,,DAS2,Field,CAF1331,"2308.126776114238"
"1332",fault,Y,"10",certain,certain,02.01.07,,DAS1,Field,CAF1332,"276.2264157212302"
"1333",fault,N,"5",certain,certain,02.01.01,,DAS1,Aerial Photo,CAF1333,"840.6884387651181"
"1334",fault,N,"25",certain,certain,02.01.03,,DAS1,,CAF1334,"767.0553407678975"
"1335",fault,N,"5",certain,certain,02.01.01,,DAS1,Field,CAF1335,"239.6932961994065"
"1336",fault,N,"5",certain,certain,02.01.01,,DAS1,Field,CAF1336,"546.1948936605552"
"1337",fault,N,"25",certain,certain,02.01.03,,DAS1,Field,CAF1337,"756.9569358302969"
"1338",fault,N,"25",certain,certain,02.01.03,,DAS1,,CAF1338,"351.5235671914944"
"1339",fault,N,"5",certain,certain,02.01.01,,DAS1,Field,CAF1339,"33.56477134951309"
"1340",fault,Y,"10",certain,certain,02.01.07,,DAS1,Field,CAF1340,"65.9543511821042"
"1341",fault,N,"25",certain,certain,02.01.03,,DAS1,Field,CAF1341,"109.5905342103069"
"1342",fault,N,"10",certain,certain,02.01.03,,DAS1,,CAF1342,"289.1680930747626"
"1343",fault,N,"10",certain,certain,02.01.03,,DAS1,,CAF1343,"382.1418191184324"
"1344",fault,N,"25",certain,certain,02.01.03,,DAS1,,CAF1344,"1030.767035289471"
"1345",fault,N,"10",certain,certain,02.01.03,,DAS1,,CAF1345,"173.2092749970047"
"1346",fault,Y,"10",certain,certain,02.01.07,,DAS1,,CAF1346,"243.6236495329617"
"1347",fault,N,"25",certain,certain,02.01.03,,DAS2,,CAF1347,"1500.421936250876"
"1348",fault,N,"25",certain,certain,02.01.03,,DAS1,,CAF1348,"185.6685299773647"
"1349",contact,N,"5",certain,certain,01.01.01,,DAS1,,CAF1349,"443.3319135756599"
"1350",fault,N,"25",certain,certain,02.01.03,,DAS1,,CAF1350,"325.1741271642404"
"1351",fault,Y,"10",certain,certain,02.01.07,,DAS1,,CAF1351,"471.9931279294751"
"1352",fault,N,"10",certain,certain,02.01.03,,DAS1,,CAF1352,"228.7939725318895"
"1353",fault,Y,"10",certain,certain,02.01.07,,DAS1,,CAF1353,"260.8381085553546"
"1354",fault,N,"5",certain,certain,02.01.01,,DAS1,,CAF1354,"130.4799821835533"
"1355",fault,Y,"10",certain,certain,02.01.07,,DAS1,Field,CAF1355,"345.1866186488899"
"1356",fault,N,"10",certain,certain,02.01.01,,DAS1,,CAF1356,"322.2352630875322"
"1357",fault,N,"10",questionable,questionable,02.01.04,,DAS1,,CAF1357,"194.0586719122148"
"1358",fault,N,"10",certain,certain,02.01.03,,DAS1,,CAF1358,"1968.31284364283"
"1359",fault,N,"25",certain,certain,02.01.03,,DAS1,,CAF1359,"405.166575595558"
"1360",fault,N,"10",certain,certain,02.01.03,,DAS1,,CAF1360,"490.7135678901057"
"1361",contact,N,"5",certain,certain,01.01.01,,DAS1,,CAF1361,"2949.857123122112"
"1362",contact,N,"5",certain,certain,01.01.01,,DAS1,,CAF1362,"2100.24998946139"
"1363",contact,N,"5",certain,certain,01.01.01,,DAS1,,CAF1363,"871.6836001208123"
"1364",contact,N,"5",certain,certain,01.01.01,,DAS1,,CAF1364,"930.9965590719057"
"1365",contact,N,"5",certain,certain,01.01.01,,DAS1,,CAF1365,"1376.554699764027"
"1366",fault,N,"25",certain,certain,02.01.03,,DAS1,Field,CAF1366,"302.4831971897045"
"1367",fault,Y,"25",certain,certain,02.01.07,,DAS1,Field,CAF1367,"895.3269853106087"
"1368",fault,Y,"10",certain,certain,02.01.07,,DAS1,,CAF1368,"175.4102163580705"
"1369",fault,Y,"10",certain,certain,02.01.07,,DAS1,,CAF1369,"71.16108670140112"
"1370",fault,Y,"10",certain,certain,02.01.07,,DAS1,,CAF1370,"127.8598915656229"
"1371",fault,N,"5",certain,certain,02.01.03,,DAS1,,CAF1371,"30.56352779572736"
"1372",fault,Y,"10",certain,certain,02.01.07,,DAS1,,CAF1372,"241.031610834344"
"1373",fault,N,"5",certain,certain,02.01.01,,DAS1,,CAF1373,"15.0753400655154"
"1374",fault,N,"10",certain,certain,02.01.03,,DAS1,,CAF1374,"477.9349022866114"
"1375",fault,N,"25",certain,certain,02.01.03,,DAS1,Field,CAF1375,"195.5989948326564"
"1376",fault,Y,"25",certain,certain,02.01.07,,DAS1,Field,CAF1376,"53.65664437834555"
"1377",fault,Y,"25",certain,certain,02.01.07,,DAS1,,CAF1377,"503.1298013485776"
"1378",fault,N,"5",certain,certain,02.01.01,,DAS1,,CAF1378,"31.78961891548702"
"1379",fault,Y,"25",certain,certain,02.01.07,,DAS1,,CAF1379,"112.5927630084522"
"1380",fault,N,"25",certain,certain,02.01.03,,DAS1,,CAF1380,"66.01070684882994"
"1381",fault,N,"5",certain,certain,02.01.01,,DAS1,,CAF1381,"208.7278422211695"
"1382",fault,N,"10",certain,certain,02.01.03,,DAS1,,CAF1382,"112.222701608129"
"1383",fault,N,"10",certain,certain,02.01.03,,DAS1,,CAF1383,"144.5810330766595"
"1384",contact,N,"5",certain,certain,01.01.01,,DAS1,,CAF1384,"434.1405152218566"
"1385",contact,N,"5",certain,certain,01.01.01,,DAS1,,CAF1385,"363.2342743456944"
"1386",contact,N,"5",certain,certain,01.01.01,,DAS1,,CAF1386,"499.0625659237616"
"1387",contact,N,"5",certain,certain,01.01.01,,DAS1,,CAF1387,"573.196811751034"
"1388",contact,N,"5",certain,certain,01.01.01,,DAS1,,CAF1388,"529.7076698867986"
"1389",contact,N,"5",certain,certain,01.01.01,,DAS1,,CAF1389,"940.0416770619275"
"1390",contact,N,"5",certain,certain,01.01.01,,DAS1,Aerial Photo,CAF1390,"1427.756837541308"
"1391",contact,N,"5",certain,certain,01.01.01,,DAS1,Aerial Photo,CAF1391,"1230.211444368109"
"1392",contact,N,"5",certain,certain,01.01.01,,DAS1,,CAF1392,"412.983129025402"
"1393",contact,N,"5",certain,certain,01.01.01,,DAS1,,CAF1393,"812.5054124254025"
"1394",contact,N,"5",certain,certain,01.01.01,,DAS1,,CAF1394,"844.986343963606"
"1395",contact,N,"5",certain,certain,01.01.01,,DAS1,,CAF1395,"916.639183474769"
"1396",contact,N,"5",certain,certain,01.01.01,,DAS1,,CAF1396,"44.98414341372478"
"1397",contact,N,"5",certain,certain,01.01.01,,DAS1,,CAF1397,"81.68419120856429"
"1398",fault,N,"5",certain,certain,02.01.03,,DAS1,,CAF1398,"587.305548982063"
"1399",fault,N,"5",certain,certain,02.01.01,,DAS1,Aerial Photo,CAF1399,"4040.04838565467"
"1400",fault,N,"10",certain,certain,02.01.01,,DAS1,Field,CAF1400,"1991.256368688739"
"1401","fault, thrust",N,"5",certain,certain,02.08.01,,DAS1,Field,CAF1401,"534.7707617292642"
"1402",fault,N,"10",certain,certain,02.01.01,,DAS1,Field,CAF1402,"147.7595071763055"
"1403",contact,N,"5",certain,certain,01.01.01,,DAS1,Lidar,CAF1403,"819.0804591237363"
"1404",contact,N,"5",certain,certain,01.01.01,,DAS1,Lidar,CAF1404,"1520.961480670019"
"1405",fault,N,"10",certain,certain,02.01.03,Bartlett Springs fault,DAS1,Lidar,CAF1405,"536.3839721531159"
"1406",fault,N,"25",questionable,questionable,02.01.03,,DAS1,Aerial Photo,CAF1406,"426.1254248346999"
"1407",contact,N,"5",certain,certain,01.01.01,,DAS1,Aerial Photo,CAF1407,"2479.050172610228"
"1408",fault,N,"5",certain,certain,02.01.01,,DAS1,,CAF1408,"4003.073676873419"
"1409",fault,N,"5",certain,certain,02.01.01,,DAS1,Aerial Photo/Field,CAF1409,"698.6496189338131"
"1410",fault,N,"10",certain,certain,02.01.03,,DAS1,Field,CAF1410,"1393.49273301272"
"1411",contact,N,"5",certain,certain,01.01.01,,DAS1,Aerial Photo,CAF1411,"2088.664498706034"
"1412",contact,Y,"5",certain,certain,01.01.07,,DAS1,,CAF1412,"697.9127898632421"
"1413",contact,N,"5",certain,certain,01.01.01,,DAS1,Field,CAF1413,"62.03882825312894"
"1414",contact,N,"5",certain,certain,01.01.01,,DAS1,Field,CAF1414,"258.2094027807524"
"1415",fault,N,"5",certain,certain,02.06.01,Bartlett Springs fault,DAS1,Aerial Photo,CAF1415,"1424.167307907082"
"1416",contact,N,"5",certain,certain,01.01.01,,DAS1,Field,CAF1416,"100.1454004645222"
"1417",fault,N,"5",certain,certain,02.01.01,,DAS1,Field,CAF1417,"158.4894949145927"
"1418",contact,N,"5",certain,certain,01.01.01,,DAS1,Field,CAF1418,"582.1784715987635"
"1419",fault,N,"5",certain,certain,02.01.01,,DAS1,Field,CAF1419,"311.8702639677202"
"1420",contact,N,"5",certain,certain,01.01.01,,DAS1,Aerial Photo,CAF1420,"842.2985240625803"
"1421",contact,N,"5",certain,certain,01.01.01,,DAS1,Field,CAF1421,"133.4144884004669"
"1422",contact,N,"5",certain,certain,01.01.01,,DAS1,Field,CAF1422,"2666.944663370773"
"1423",contact,N,"5",certain,certain,01.01.01,,DAS1,Lidar,CAF1423,"3866.164034291151"
"1424",fault,N,"5",certain,certain,02.01.01,,DAS1,Field,CAF1424,"29.84121069179375"
"1425","fault, thrust",N,"5",certain,certain,02.08.01,,DAS1,Field,CAF1425,"177.64561236699"
"1426",fault,N,"10",questionable,questionable,02.01.03,,DAS1,,CAF1426,"924.3933633093388"
"1427","fault, normal",N,"5",certain,certain,02.02.01,,DAS1,Aerial Photo,CAF1427,"408.4959686577374"
"1428",fault,N,"5",certain,certain,02.01.01,,DAS1,Aerial Photo,CAF1428,"395.1918808278219"
"1429",contact,N,"5",certain,certain,01.01.01,,DAS1,Aerial Photo,CAF1429,"1375.961709189128"
"1430",contact,N,"5",certain,certain,01.01.01,,DAS1,Field,CAF1430,"1215.700779904803"
"1431","fault, normal",N,"5",certain,certain,02.02.01,,DAS1,Field,CAF1431,"1111.78493122222"
"1432",fault,N,"5",certain,certain,02.06.01,,DAS1,Aerial Photo,CAF1432,"588.8166644523727"
"1433",fault,N,"5",certain,certain,02.01.01,,DAS1,Field,CAF1433,"81.4701479326018"
"1434",fault,N,"5",certain,certain,02.01.01,,DAS1,Aerial Photo,CAF1434,"497.0107754512625"
"1435",fault,N,"5",certain,certain,02.06.01,Bartlett Springs fault,DAS1,Aerial Photo,CAF1435,"2273.734524470034"
"1436",contact,N,"5",certain,certain,01.01.01,,DAS1,Field,CAF1436,"285.1789617140798"
"1437",contact,N,"10",certain,certain,01.01.01,,DAS1,Field,CAF1437,"46.3535067766995"
"1438",contact,N,"5",certain,certain,01.01.01,,DAS1,Field,CAF1438,"166.5668290172579"
"1439",fault,N,"5",certain,certain,02.01.01,,DAS1,,CAF1439,"25.64544352505354"
"1440",fault,N,"5",certain,certain,02.01.01,,DAS1,Field,CAF1440,"67.540971442931"
"1441",contact,N,"5",certain,certain,01.01.01,,DAS1,Aerial Photo,CAF1441,"1409.689039141855"
"1442",fault,N,"5",certain,certain,02.01.01,,DAS1,Aerial Photo,CAF1442,"225.9120721218194"
"1443",contact,N,"5",certain,certain,01.01.01,,DAS1,Aerial Photo,CAF1443,"1004.48740914215"
"1444",fault,N,"5",certain,certain,02.01.01,Knoxville fault,DAS1,Field,CAF1444,"6454.150204121041"
"1445",contact,N,"5",certain,certain,01.01.01,,DAS1,Aerial Photo,CAF1445,"1568.80786762926"
"1446",contact,N,"5",certain,certain,01.01.01,,DAS1,Field,CAF1446,"106.312507378484"
"1447",contact,N,"5",certain,certain,01.01.01,,DAS1,Aerial Photo,CAF1447,"75.90597742482829"
"1448",fault,N,"5",certain,certain,02.01.01,,DAS1,Field,CAF1448,"1264.822546374332"
"1449",fault,N,"5",certain,certain,02.01.01,,DAS1,Aerial Photo,CAF1449,"658.568149249283"
"1450",contact,N,"5",certain,certain,01.01.01,,DAS1,Field,CAF1450,"55.34936367900143"
"1451",contact,N,"5",certain,certain,01.01.01,,DAS1,Field,CAF1451,"1472.75055635176"
"1452","fault, thrust",N,"5",certain,certain,02.08.01,,DAS1,Field,CAF1452,"1167.59349114527"
"1453",fault,N,"10",certain,certain,02.01.01,,DAS1,Aerial Photo,CAF1453,"1211.703288229228"
"1454",fault,N,"5",certain,certain,02.01.03,,DAS1,Field,CAF1454,"413.7914943910939"
"1455",contact,N,"10",certain,certain,01.01.01,,DAS1,Field,CAF1455,"42.57385433654748"
"1456",contact,N,"5",certain,certain,01.01.01,,DAS1,Field,CAF1456,"201.1261383470481"
"1457","fault, normal",Y,"10",certain,certain,02.01.07,,DAS1,Field,CAF1457,"125.0898892116758"
"1458",fault,N,"5",certain,certain,02.01.01,,DAS1,Field,CAF1458,"54.10904790220019"
"1459",contact,N,"5",certain,certain,01.01.01,,DAS1,Aerial Photo,CAF1459,"252.1248912196304"
"1460",contact,N,"5",certain,certain,01.01.01,,DAS1,Aerial Photo,CAF1460,"228.11917824252"
"1461",fault,N,"5",certain,certain,02.01.01,,DAS1,Aerial Photo,CAF1461,"57.17030432765894"
"1462",contact,N,"5",certain,certain,01.01.01,,DAS1,Aerial Photo,CAF1462,"1940.217521893424"
"1463",fault,N,"5",certain,certain,02.01.01,,DAS1,,CAF1463,"217.2898508296489"
"1464",fault,Y,"5",certain,certain,02.01.07,,DAS1,Aerial Photo,CAF1464,"317.191369134555"
"1465",fault,N,"10",certain,certain,02.01.03,,DAS1,,CAF1465,"382.6520402486578"
"1466",contact,N,"5",certain,certain,01.01.01,,DAS1,Aerial Photo,CAF1466,"1464.912282236038"
"1467",fault,N,"5",certain,certain,02.01.01,,DAS1,Field,CAF1467,"267.636105543662"
"1468",fault,N,"10",certain,certain,02.01.01,,DAS1,Field,CAF1468,"152.7709857176958"
"1469",fault,N,"10",certain,certain,02.01.03,,DAS1,,CAF1469,"1341.39363149744"
"1470",fault,N,"10",certain,certain,02.06.01,Bartlett Springs fault,DAS1,Aerial Photo,CAF1470,"2245.281681600588"
"1471",fault,N,"5",certain,certain,02.01.01,,DAS1,Aerial Photo,CAF1471,"770.6685855796442"
"1472",fault,N,"10",certain,certain,02.01.03,Bartlett Springs fault,DAS1,Lidar,CAF1472,"292.7348179831362"
"1473",fault,N,"5",certain,certain,02.01.01,,DAS1,Field,CAF1473,"792.9250931357792"
"1474",contact,N,"5",certain,certain,01.01.01,,DAS1,Aerial Photo,CAF1474,"58.02598241461347"
"1475",fault,Y,"10",certain,certain,02.01.07,,DAS1,,CAF1475,"330.5593381410216"
"1476","fault, normal",Y,"5",certain,certain,02.02.07,,DAS1,Field,CAF1476,"755.2727755814672"
"1477",fault,N,"10",certain,certain,02.01.01,,DAS1,Field,CAF1477,"930.3626649009705"
"1478","fault, normal",N,"5",certain,certain,02.02.01,,DAS1,Field,CAF1478,"257.7813438118051"
"1479",contact,N,"5",certain,certain,01.01.01,,DAS1,Field,CAF1479,"493.5051411389417"
"1480",fault,N,"5",certain,certain,02.01.01,,DAS1,Field,CAF1480,"566.2987849925421"
"1481","fault, normal",N,"10",certain,certain,02.02.03,,DAS1,Field,CAF1481,"330.0299566833597"
"1482",fault,N,"5",certain,certain,02.01.01,,DAS1,Field,CAF1482,"435.7982153887183"
"1483",contact,N,"5",certain,certain,01.01.01,,DAS1,Aerial Photo,CAF1483,"599.984679772724"
"1484",fault,N,"5",certain,certain,02.01.01,,DAS1,Field,CAF1484,"177.3014832747353"
"1485",contact,N,"10",certain,certain,01.01.01,,DAS1,Field,CAF1485,"29.5617337934297"
"1486",fault,Y,"25",questionable,questionable,02.01.07,,DAS1,Aerial Photo,CAF1486,"105.2483728639735"
"1487",contact,N,"5",certain,certain,01.01.01,,DAS1,Field,CAF1487,"295.8265711252848"
"1488","fault, normal",N,"10",certain,certain,02.02.01,,DAS1,Field,CAF1488,"56.98876739672102"
"1489",contact,N,"5",certain,certain,01.01.01,,DAS1,Field,CAF1489,"124.9018146790162"
"1490",contact,N,"5",certain,certain,01.01.01,,DAS1,Aerial Photo,CAF1490,"1929.821006602043"
"1491",contact,N,"5",certain,certain,01.01.01,,DAS1,Field,CAF1491,"434.312787567787"
"1492",fault,N,"5",certain,certain,02.01.01,,DAS1,Field,CAF1492,"845.5059050478171"
"1493",fault,N,"5",certain,certain,02.01.01,,DAS1,Field,CAF1493,"925.4382614141711"
"1494",fault,N,"5",certain,certain,02.01.01,,DAS1,Field,CAF1494,"47.25307221207691"
"1495","fault, normal",N,"10",certain,certain,02.02.01,,DAS1,Field,CAF1495,"730.316109353445"
"1496",fault,N,"5",certain,certain,02.01.01,,DAS1,Field,CAF1496,"1106.712852386303"
"1497",fault,N,"5",certain,certain,02.01.01,,DAS1,Field,CAF1497,"807.8782217412734"
"1498",fault,N,"5",certain,certain,02.01.01,,DAS1,,CAF1498,"75.73437400602154"
"1499",fault,N,"5",certain,certain,02.01.01,,DAS1,Field,CAF1499,"3085.509045821448"
"1500",fault,N,"10",certain,certain,02.01.04,,DAS1,Field,CAF1500,"464.597897941257"
"1501",fault,N,"5",certain,certain,02.01.01,,DAS1,Field,CAF1501,"569.711479668296"
"1502",fault,N,"10",certain,certain,02.01.01,,DAS1,Field,CAF1502,"1842.130632970965"
"1503",fault,Y,"5",certain,certain,02.01.07,,DAS1,Field,CAF1503,"522.8882992078978"
"1504",fault,N,"5",certain,certain,02.01.01,,DAS1,Field,CAF1504,"263.2519447448141"
"1505",fault,Y,"10",certain,certain,02.01.07,,DAS1,,CAF1505,"302.1875040758874"
"1506",fault,N,"5",certain,certain,02.01.01,,DAS1,Field,CAF1506,"205.3587806324028"
"1507",fault,N,"5",certain,certain,02.01.01,,DAS1,Field,CAF1508,"1986.610201695658"
"1508",fault,Y,"10",certain,certain,02.01.07,,DAS1,Field,CAF1509,"212.2149675747064"
"1509",fault,Y,"10",certain,certain,02.01.07,,DAS1,Field,CAF1510,"240.5147238237718"
"1510",fault,Y,"10",certain,certain,02.01.07,,DAS1,Field,CAF1511,"205.1607787227526"
"1511",fault,N,"10",certain,certain,02.01.01,,DAS1,Field,CAF1512,"5.587207038410911"
"1512",fault,N,"10",certain,certain,02.01.01,,DAS1,Aerial Photo,CAF1513,"5.32294379607117"
"1513",fault,N,"10",certain,certain,02.01.01,,DAS1,Field,CAF1514,"73.08844235738559"
"1514",fault,N,"5",certain,certain,02.01.01,,DAS1,Field,CAF1515,"378.6429947830973"
"1515",contact,N,"5",certain,certain,01.01.01,,DAS1,Field,CAF1516,"371.6316052292027"
"1516",fault,N,"10",certain,certain,02.01.01,,DAS1,Field,CAF1517,"22.57434674433675"
"1517",fault,N,"10",certain,certain,02.01.01,,DAS1,Aerial Photo,CAF1518,"209.8802502305467"
"1518",fault,N,"10",certain,certain,02.01.01,,DAS1,Aerial Photo,CAF1519,"110.1782244217644"
"1519",fault,N,"10",certain,certain,02.01.01,,DAS1,Aerial Photo,CAF1520,"322.3442447357789"
"1520",fault,N,"10",certain,certain,02.01.01,,DAS1,Aerial Photo,CAF1521,"82.82084519144375"
"1521",fault,N,"10",certain,certain,02.01.01,,DAS1,Aerial Photo,CAF1522,"46.63574276416796"
"1522",fault,N,"5",certain,certain,02.06.01,Davis Creek fault,DAS1,Aerial Photo,CAF1523,"1482.340249491602"
"1523",contact,Y,"10",certain,certain,01.01.07,,DAS1,Field,CAF1524,"368.4967366718939"
"1524",contact,N,"10",certain,certain,01.01.01,,DAS1,Field,CAF1525,"141.2701034010118"
"1525",contact,Y,"10",certain,certain,01.01.07,,DAS1,Field,CAF1526,"119.4781985527749"
"1526",contact,N,"5",certain,certain,01.01.01,,DAS1,Aerial Photo,CAF1527,"3514.758105013361"
"1527",fault,N,"5",certain,certain,02.06.01,Davis Creek fault,DAS1,Aerial Photo,CAF1528,"1233.430644203724"
"1528",contact,Y,"10",certain,certain,01.01.07,,DAS1,Lidar,CAF1529,"307.7433982338533"
"1529",contact,N,"5",certain,certain,01.01.01,,DAS1,,CAF1530,"1754.928608318817"
"1530",contact,N,"5",certain,certain,01.01.01,,DAS1,Aerial Photo,CAF1531,"1512.437732488939"
"1531",contact,N,"5",certain,certain,01.01.01,,DAS1,,CAF1532,"520.295316247641"
"1532",fault,N,"10",certain,certain,02.01.01,,DAS1,,CAF1533,"1318.78376832521"
"1533",fault,N,"10",certain,certain,02.01.01,,DAS1,,CAF1534,"372.4575085953953"
"1534",contact,N,"5",certain,certain,01.01.01,,DAS1,,CAF1535,"1087.033153630545"
"1535",fault,N,"10",certain,certain,02.01.01,,DAS1,,CAF1536,"898.9836183464566"
"1536",fault,N,"25",certain,certain,02.01.03,,DAS1,,CAF1537,"299.8066873701017"
"1537",fault,N,"10",certain,certain,02.01.01,,DAS1,,CAF1538,"247.5138761146886"
"1538",contact,N,"5",certain,certain,01.01.01,,DAS1,,CAF1539,"1461.757355381736"
"1539",fault,N,"5",certain,certain,02.01.01,Bartlett Springs fault,DAS1,Lidar,CAF1540,"600.519191810812"
"1540",fault,N,"5",certain,certain,02.06.01,Bartlett Springs fault,DAS1,Lidar,CAF1541,"860.0525155292141"
"1541",contact,N,"5",certain,certain,01.01.01,,DAS1,Lidar,CAF1542,"1514.023980880606"
"1542",fault,Y,"5",certain,certain,02.01.07,Bartlett Springs fault,DAS1,Aerial Photo,CAF1543,"76.18771198783557"
"1543",fault,N,"10",certain,certain,02.01.01,Bartlett Springs fault,DAS1,Lidar,CAF1544,"966.2665743364572"
"1544",fault,N,"10",certain,certain,02.01.01,Bartlett Springs fault,DAS1,Lidar,CAF1545,"250.5855898038647"
"1545",fault,Y,"5",certain,certain,02.01.07,,DAS1,,CAF1546,"46.55806601822123"
"1546",fault,N,"5",certain,certain,02.01.01,,DAS1,,CAF1547,"1025.445234236935"
"1547",fault,N,"5",certain,certain,02.01.01,,DAS1,,CAF1548,"142.0042061281695"
"1548",fault,N,"5",certain,certain,02.01.01,,DAS1,,CAF1549,"642.5942388751374"
"1549",fault,N,"5",certain,certain,02.01.01,,DAS1,,CAF1550,"363.2422666128409"
"1550",fault,N,"5",certain,certain,02.01.01,,DAS1,,CAF1551,"1422.141619089566"
"1551",fault,N,"5",certain,certain,02.01.01,,DAS1,,CAF1552,"492.8136517308344"
"1552",fault,N,"5",certain,certain,02.01.03,,DAS1,,CAF1553,"372.497596779967"
"1553",fault,N,"5",certain,certain,02.01.03,,DAS1,,CAF1554,"228.2921169993408"
"1554",fault,N,"5",certain,certain,02.01.03,,DAS1,,CAF1555,"539.0011135628926"
"1555",fault,N,"5",certain,certain,02.01.03,,DAS1,,CAF1556,"196.491412580778"
"1556",fault,N,"10",certain,certain,02.01.03,,DAS1,,CAF1557,"606.479560073452"
"1557",fault,Y,"10",certain,certain,02.01.07,,DAS1,,CAF1558,"190.9123061491855"
"1558",fault,N,"10",certain,certain,02.01.03,,DAS1,,CAF1559,"445.2566059390853"
"1559",fault,Y,"10",certain,certain,02.01.07,,DAS1,,CAF1560,"173.4596132172308"
"1560",fault,N,"10",certain,certain,02.01.03,,DAS1,,CAF1561,"66.32367523838144"
"1561",fault,Y,"10",certain,certain,02.01.07,,DAS1,,CAF1562,"159.4140009684637"
"1562",fault,N,"5",certain,certain,02.01.03,,DAS1,,CAF1563,"244.7214746946617"
"1563",waterline,N,"5",certain,certain,"15.02",,DAS1,,CAF1564,"7691.691043156884"
"1564",contact,N,"5",certain,certain,01.01.01,,DAS1,,CAF1565,"4539.147166009538"
"1565",waterline,N,"5",certain,certain,"15.02",,DAS1,,CAF1566,"988.3902635182652"
"1566",waterline,N,"5",certain,certain,"15.02",,DAS1,,CAF1567,"2315.197449441384"
"1567",fault,N,"10",certain,certain,02.01.03,,DAS1,,CAF1568,"799.7348687493125"
"1568",fault,N,"10",certain,certain,02.01.03,,DAS1,,CAF1569,"432.4338252527579"
"1569",fault,N,"5",certain,certain,02.06.03,,DAS1,,CAF1570,"627.2841776102523"
"1570",contact,N,"5",certain,certain,01.01.01,,DAS1,Lidar,CAF1571,"70.80299325228388"
"1571",fault,N,"25",certain,certain,02.01.05,Fiske Creek fault,DAS1,,CAF1572,"1403.846826687422"
"1572",fault,N,"10",certain,certain,02.01.03,,DAS1,,CAF1574,"995.8303086709668"
"1573",fault,Y,"25",certain,certain,02.01.07,,DAS1,Aerial Photo/Field,CAF1575,"543.5405464440457"
"1574",fault,N,"25",questionable,questionable,02.01.03,,DAS1,,CAF1576,"305.0057862245364"
"1575",fault,N,"5",certain,certain,02.01.01,,DAS1,,CAF1577,"203.5159959765204"
"1576",fault,N,"5",certain,certain,02.01.03,,DAS1,,CAF1578,"730.3797657109063"
"1577",fault,N,"5",certain,certain,02.01.03,,DAS1,,CAF1579,"124.2980848915774"
"1578",fault,N,"10",certain,certain,02.01.03,,DAS1,,CAF1580,"251.2814310866279"
"1579",fault,N,"10",certain,certain,02.01.03,,DAS1,,CAF1581,"106.4295842933254"
"1580",fault,N,"25",certain,certain,02.01.03,,DAS1,,CAF1582,"217.4107352562488"
"1581","fault, thrust",N,"5",certain,certain,02.08.03,,DAS1,,CAF1583,"442.8468021929925"
"1582",fault,N,"25",questionable,questionable,02.01.03,Fiske Creek fault,DAS1,,CAF1584,"2370.000300375486"
"1583",contact,N,"5",certain,certain,01.01.01,,DAS1,,CAF1585,"2882.762053199134"
"1584",fault,N,"10",certain,certain,02.01.01,,DAS1,,CAF1586,"873.039348302081"
"1585",contact,N,"5",certain,certain,01.01.01,,DAS1,,CAF1587,"1667.882535770191"
"1586",contact,N,"5",certain,certain,01.01.01,,DAS1,,CAF1588,"1085.519012023993"
"1587",contact,N,"5",certain,certain,01.01.01,,DAS1,,CAF1589,"1451.355514103456"
"1588",contact,N,"5",certain,certain,01.01.01,,DAS1,,CAF1590,"1380.09760920463"
"1589",contact,N,"5",certain,certain,01.01.01,,DAS1,,CAF1591,"486.4619827831125"
"1590",contact,N,"5",certain,certain,01.01.01,,DAS1,,CAF1592,"1662.973644075625"
"1591",contact,N,"5",certain,certain,01.01.01,,DAS1,,CAF1593,"1022.961252895173"
"1592",contact,N,"5",certain,certain,01.01.01,,DAS1,,CAF1594,"662.0133922812303"
"1593",contact,N,"5",certain,certain,01.01.01,,DAS1,,CAF1595,"3640.230674431619"
"1594",fault,N,"10",certain,certain,02.01.01,,DAS1,,CAF1596,"350.2014382133057"
"1595",contact,N,"5",certain,certain,01.01.01,,DAS1,,CAF1597,"1386.724560838009"
"1596",contact,N,"5",certain,certain,01.01.01,,DAS1,,CAF1598,"2713.941929443499"
"1597",contact,N,"5",certain,certain,01.01.01,,DAS1,Field,CAF1599,"1074.120785372386"
"1598",contact,Y,"5",certain,certain,01.01.07,,DAS1,Field,CAF1600,"268.1294981247236"
"1599",contact,N,"5",certain,certain,01.01.01,,DAS1,,CAF1601,"1425.51197484033"
"1600",contact,N,"5",certain,certain,01.01.01,,DAS1,,CAF1602,"1221.38205507013"
"1601",contact,N,"5",certain,certain,01.01.01,,DAS1,,CAF1603,"971.7367113101135"
"1602",fault,Y,"10",certain,certain,02.01.07,,DAS1,,CAF1604,"187.1928751222788"
"1603",contact,N,"5",certain,certain,01.01.01,,DAS1,,CAF1605,"1308.072258020699"
"1604",contact,N,"5",certain,certain,01.01.01,,DAS1,,CAF1606,"1076.786086868873"
"1605",fault,Y,"5",certain,certain,02.01.07,,DAS1,,CAF1607,"120.5728064213467"
"1606",contact,N,"5",certain,certain,01.01.01,,DAS1,,CAF1608,"2012.226953562492"
"1607",contact,N,"5",certain,certain,01.01.01,,DAS1,,CAF1609,"960.3648809331655"
"1608",contact,N,"5",certain,certain,01.01.01,,DAS1,,CAF1610,"1000.963596026869"
"1609",contact,N,"5",certain,certain,01.01.01,,DAS1,,CAF1611,"1033.359366491501"
"1610",contact,N,"5",certain,certain,01.01.01,,DAS1,,CAF1612,"1249.846798888199"
"1611",contact,N,"5",certain,certain,01.01.01,,DAS1,,CAF1613,"678.3406549380235"
"1612","fault, thrust",N,"10",certain,certain,02.08.03,,DAS1,,CAF1614,"289.4669873521985"
"1613",contact,N,"5",certain,certain,01.01.01,,DAS1,,CAF1615,"640.7471876330112"
"1614",fault,Y,"10",certain,certain,02.01.07,,DAS1,,CAF1616,"93.92464910950528"
"1615",contact,N,"5",certain,certain,01.01.01,,DAS1,,CAF1617,"1355.11053713076"
"1616",fault,N,"10",certain,certain,02.01.01,,DAS1,Field,CAF1618,"471.7134145150113"
"1617",contact,N,"5",certain,certain,01.01.01,,DAS1,,CAF1619,"716.1561680814392"
"1618",fault,Y,"10",certain,certain,02.01.07,,DAS1,Aerial Photo,CAF1620,"222.883890045949"
"1619",fault,N,"5",certain,certain,02.01.01,,DAS1,Field,CAF1621,"210.4118647149689"
"1620",fault,Y,"5",certain,certain,02.01.07,,DAS1,Field,CAF1622,"195.0620418594329"
"1621",fault,N,"10",certain,certain,02.01.01,,DAS1,,CAF1623,"631.4434104711513"
"1622",contact,N,"5",certain,certain,01.01.01,,DAS1,,CAF1624,"313.0301861452917"
"1623",contact,N,"5",certain,certain,01.01.01,,DAS1,,CAF1625,"278.8494276671116"
"1624",fault,N,"5",certain,certain,02.01.01,,DAS1,,CAF1626,"96.85010616104705"
"1625",contact,N,"5",certain,certain,01.01.01,,DAS1,,CAF1627,"367.0019792793222"
"1626",contact,N,"5",certain,certain,01.01.01,,DAS1,,CAF1628,"521.0455182543461"
"1627",fault,N,"10",certain,certain,02.01.03,,DAS1,,CAF1629,"84.00172871013804"
"1628",fault,N,"10",certain,certain,02.01.03,,DAS1,,CAF1630,"44.2591468338355"
"1629",contact,N,"5",certain,certain,01.01.01,,DAS1,,CAF1631,"1464.24640064568"
"1630",fault,Y,"10",certain,certain,02.01.07,,DAS1,Field,CAF1632,"290.8470120897792"
"1631",fault,N,"10",certain,certain,02.01.03,,DAS1,Field,CAF1633,"95.23185082611282"
"1632",contact,N,"5",certain,certain,01.01.01,,DAS1,,CAF1634,"1944.049744739602"
"1633",contact,N,"5",certain,certain,01.01.01,,DAS1,,CAF1635,"581.932988598108"
"1634",contact,N,"5",certain,certain,01.01.01,,DAS1,,CAF1636,"1667.351760340327"
"1635",fault,Y,"5",certain,certain,02.01.07,,DAS1,Aerial Photo,CAF1637,"234.6302664970914"
"1636",fault,N,"10",certain,certain,02.01.01,,DAS1,Aerial Photo,CAF1638,"149.9826753612627"
"1637",fault,Y,"10",certain,certain,02.01.07,,DAS1,Aerial Photo,CAF1639,"47.00940710338545"
"1638",fault,N,"5",certain,certain,02.06.01,,DAS1,Aerial Photo,CAF1640,"374.1377797771202"
"1639",fault,Y,"10",certain,certain,02.01.07,,DAS1,Aerial Photo,CAF1641,"92.92920725127738"
"1640",contact,N,"5",certain,certain,01.01.01,,DAS1,,CAF1642,"1032.846030689903"
"1641",contact,N,"5",certain,certain,01.01.01,,DAS1,,CAF1643,"1753.788048033744"
"1642",fault,N,"5",certain,certain,02.01.01,,DAS1,Aerial Photo,CAF1644,"251.3903191878027"
"1643",fault,Y,"10",certain,certain,02.01.07,,DAS1,Aerial Photo,CAF1645,"25.96088313225689"
"1644",fault,Y,"10",certain,certain,02.01.07,,DAS1,Aerial Photo,CAF1646,"117.722484537267"
"1645",fault,Y,"25",questionable,questionable,02.01.07,Fiske Creek fault,DAS1,,CAF1647,"811.7971445926777"
"1646",contact,N,"5",certain,certain,01.01.01,,DAS1,,CAF1648,"409.5588626745368"
"1647",contact,N,"5",certain,certain,01.01.01,,DAS1,,CAF1649,"125.7592633528219"
"1648",fault,Y,"10",certain,certain,02.01.07,,DAS1,,CAF1650,"99.15697081915116"
"1649",fault,Y,"10",certain,certain,02.01.07,,DAS1,Field,CAF1651,"286.6852761686534"
"1650",fault,Y,"5",certain,certain,02.01.07,,DAS1,Field,CAF1652,"479.5905806011878"
"1651","fault, thrust",N,"50",questionable,certain,02.08.03,,DAS1,,CAF1653,"405.1484999163617"
"1652",fault,N,"10",certain,certain,02.02.01,,DAS1,,CAF1654,"520.1207821023537"
"1653",fault,N,"5",certain,certain,02.01.01,,DAS1,,CAF1655,"43.89883770844223"
"1654",fault,N,"25",questionable,questionable,02.01.03,,DAS1,,CAF1656,"490.4145876445564"
"1655",fault,N,"25",questionable,questionable,02.01.03,,DAS1,,CAF1657,"172.665279647125"
"1656",fault,Y,"25",questionable,questionable,02.01.07,,DAS1,,CAF1658,"429.6617947448772"
"1657",fault,Y,"25",questionable,questionable,02.01.07,,DAS1,,CAF1659,"276.7433298743611"
"1658",fault,N,"25",questionable,questionable,02.01.03,,DAS1,,CAF1660,"42.80069393459753"
"1659",fault,N,"5",certain,certain,02.06.03,,DAS1,Aerial Photo,CAF1661,"1520.962994135148"
"1660",fault,N,"10",certain,certain,02.01.03,,DAS1,Field,CAF1662,"180.8584930967677"
"1661",fault,N,"5",certain,certain,02.06.03,Davis Creek fault,DAS1,Aerial Photo,CAF1663,"2337.95666278457"
"1662",fault,N,"10",certain,certain,02.01.01,,DAS1,Field,CAF1664,"148.5205448734707"
"1663",contact,N,"5",certain,certain,01.01.01,,DAS1,Lidar,CAF1665,"485.5895348850092"
"1664",fault,N,"5",certain,certain,02.01.01,,DAS1,Field,CAF1666,"226.4759935088335"
"1665",contact,N,"5",certain,certain,01.01.01,,DAS1,Lidar,CAF1667,"499.0576137741461"
"1666",contact,N,"5",certain,certain,01.01.01,,DAS1,Aerial Photo,CAF1668,"423.5236527393748"
"1667",contact,N,"5",certain,certain,01.01.01,,DAS1,Aerial Photo,CAF1669,"1231.266088592994"
"1668",contact,N,"5",certain,certain,01.01.01,,DAS1,Lidar,CAF1670,"1937.369775277146"
"1669",fault,N,"5",certain,certain,02.01.01,,DAS1,Field,CAF1671,"705.2603533803017"
"1670",contact,N,"5",certain,certain,01.01.01,,DAS1,Aerial Photo,CAF1672,"435.360985281152"
"1671",contact,N,"5",certain,certain,01.01.01,,DAS1,Aerial Photo,CAF1673,"779.1339306209018"
"1672",contact,N,"5",certain,certain,01.01.01,,DAS1,Lidar,CAF1674,"3168.409334578495"
"1673",contact,N,"5",certain,certain,01.01.01,,DAS1,Aerial Photo,CAF1675,"508.1027284324506"
"1674",contact,N,"5",certain,certain,01.01.01,,DAS1,Aerial Photo,CAF1676,"67.85392927324959"
"1675",contact,N,"5",certain,certain,01.01.01,,DAS1,Aerial Photo,CAF1677,"967.029680734894"
"1676",contact,N,"5",certain,certain,01.01.01,,DAS1,Aerial Photo,CAF1678,"809.4887574122519"
"1677",contact,N,"5",certain,certain,01.01.01,,DAS1,Aerial Photo,CAF1679,"514.0748386239799"
"1678",contact,N,"5",certain,certain,01.01.01,,DAS1,Aerial Photo,CAF1680,"876.2122852232043"
"1679",contact,N,"5",certain,certain,01.01.01,,DAS1,Lidar,CAF1681,"12855.94661597661"
"1680",contact,N,"5",certain,certain,01.01.01,,DAS1,Aerial Photo,CAF1682,"190.6752587206635"
"1681",contact,N,"5",certain,certain,01.01.01,,DAS1,Aerial Photo,CAF1683,"102.4621156835726"
"1682",contact,N,"5",certain,certain,01.01.01,,DAS1,Lidar,CAF1684,"13875.64092080433"
"1683",fault,Y,"5",certain,certain,02.01.07,,DAS1,Lidar,CAF1685,"208.2377454367584"
"1684",contact,N,"5",certain,certain,01.01.01,,DAS1,Lidar,CAF1686,"1751.994176167897"
"1685",contact,N,"5",certain,certain,01.01.01,,DAS1,Lidar,CAF1687,"2189.639833232834"
"1686",contact,N,"5",certain,certain,01.01.01,,DAS1,Aerial Photo,CAF1688,"5355.275057246512"
"1687",contact,N,"5",certain,certain,01.01.01,,DAS1,Lidar,CAF1689,"1687.520537409588"
"1688",contact,N,"5",certain,certain,01.01.01,,DAS1,Lidar,CAF1690,"530.1220100688951"
"1689",contact,N,"5",certain,certain,01.01.01,,DAS1,Lidar,CAF1691,"752.3171388210473"
"1690",fault,N,"5",certain,certain,02.01.01,,DAS1,Lidar,CAF1692,"132.4194211399908"
"1691",fault,Y,"5",certain,certain,02.01.07,,DAS1,Lidar,CAF1693,"178.8006705571955"
"1692",contact,N,"5",certain,certain,01.01.01,,DAS1,,CAF1694,"6966.427164278759"
"1693",fault,N,"5",certain,certain,02.01.01,,DAS1,,CAF1695,"142.6661875740589"
"1694",fault,N,"5",certain,certain,02.01.01,,DAS1,,CAF1696,"334.7969895335706"
"1695",fault,N,"5",certain,certain,02.01.01,,DAS1,Field,CAF1697,"1160.021331244176"
"1696",fault,N,"5",certain,certain,02.01.01,,DAS1,Field,CAF1698,"554.5225157312252"
"1697",fault,N,"10",certain,certain,02.01.03,,DAS1,Field,CAF1699,"703.7332342283505"
"1698",fault,N,"5",certain,certain,02.01.01,,DAS1,Field,CAF1700,"195.5923364122249"
"1699",fault,N,"10",certain,certain,02.01.03,,DAS1,Field,CAF1701,"348.5039972948854"
"1700",fault,N,"25",certain,certain,02.01.03,,DAS1,Field,CAF1702,"374.7714805646191"
"1701",fault,N,"10",certain,certain,02.01.03,,DAS1,Field,CAF1703,"338.5898335082239"
"1702",fault,N,"10",questionable,questionable,02.01.03,,DAS1,Field,CAF1704,"399.7947729457476"
"1703",fault,N,"5",certain,certain,02.01.01,,DAS1,,CAF1705,"42.48171082899252"
"1704",fault,N,"10",certain,certain,02.01.03,,DAS1,,CAF1706,"155.4107000643921"
"1705",fault,Y,"5",certain,certain,02.01.07,,DAS1,,CAF1707,"75.15422379788197"
"1706",fault,N,"20",certain,certain,02.01.03,,DAS1,,CAF1708,"5045.356789097761"
"1707",fault,N,"5",certain,certain,02.01.01,,DAS1,,CAF1709,"90.0444312743133"
"1708",fault,N,"5",certain,certain,02.01.01,,DAS1,,CAF1710,"77.90545036099495"
"1709",fault,Y,"10",certain,certain,02.01.07,,DAS1,,CAF1711,"290.2938950571881"
"1710",fault,N,"25",certain,certain,02.01.03,,DAS1,,CAF1712,"1050.617131011074"
"1711",fault,N,"10",certain,certain,02.01.03,,DAS1,,CAF1713,"238.3582397586095"
"1712",fault,N,"10",certain,certain,02.01.03,,DAS1,,CAF1714,"94.16482070325988"
"1713",contact,N,"5",certain,certain,01.01.01,,DAS1,,CAF1715,"865.8796386964898"
"1714",contact,N,"5",certain,certain,01.01.01,,DAS1,,CAF1716,"624.5104016364058"
"1715",fault,N,"10",certain,certain,02.01.03,,DAS1,,CAF1717,"727.6395027485827"
"1716",fault,N,"10",certain,certain,02.01.03,,DAS1,,CAF1718,"207.3503587559889"
"1717",fault,N,"25",questionable,questionable,02.01.04,,DAS1,,CAF1719,"567.4982105448648"
"1718",fault,Y,"10",certain,certain,02.01.07,,DAS1,,CAF1720,"226.4276571448368"
"1719",fault,Y,"10",certain,certain,02.01.07,,DAS1,,CAF1721,"180.722003949065"
"1720",fault,N,"10",certain,certain,02.01.03,,DAS1,,CAF1722,"184.9617165412173"
"1721",contact,N,"5",certain,certain,01.01.01,,DAS1,,CAF1723,"3886.19403442189"
"1722",contact,N,"5",certain,certain,01.01.01,,DAS1,,CAF1724,"766.2183479635728"
"1723",contact,N,"5",certain,certain,01.01.01,,DAS1,,CAF1725,"5262.278240350735"
"1724",contact,N,"5",certain,certain,01.01.01,,DAS1,,CAF1726,"2798.217860148976"
"1725",contact,N,"5",certain,certain,01.01.01,,DAS1,,CAF1727,"2161.853683454869"
"1726",contact,N,"5",certain,certain,01.01.01,,DAS1,,CAF1728,"1030.292481950549"
"1727",contact,N,"5",certain,certain,01.01.03,,DAS1,,CAF1729,"1121.434137963622"
"1728",contact,N,"5",certain,certain,01.01.03,,DAS1,,CAF1730,"1100.944522263387"
"1729",contact,N,"5",certain,certain,01.01.01,,DAS1,,CAF1731,"613.6609373073354"
"1730",contact,N,"5",certain,certain,01.01.01,,DAS1,,CAF1732,"893.7851887862129"
"1731",fault,N,"10",certain,certain,02.01.03,,DAS1,,CAF1733,"847.0250757629424"
"1732",fault,N,"10",certain,certain,02.01.03,,DAS1,,CAF1734,"1069.345752673806"
"1733",fault,Y,"25",questionable,questionable,02.01.08,,DAS1,,CAF1735,"243.2821871099709"
"1734",fault,N,"5",certain,certain,02.01.01,,DAS1,,CAF1736,"68.61081245492174"
"1735",fault,Y,"10",certain,certain,02.01.07,,DAS1,,CAF1737,"33.72848893866122"
"1736",fault,N,"10",certain,certain,02.01.03,,DAS1,,CAF1738,"404.022519926943"
"1737",fault,Y,"10",certain,certain,02.01.07,,DAS1,,CAF1739,"215.6931879771469"
"1738",fault,Y,"5",certain,certain,02.01.07,,DAS1,Lidar,CAF1740,"433.510716841068"
"1739",fault,N,"5",certain,certain,02.01.03,,DAS1,Lidar,CAF1741,"175.690452199308"
"1740",fault,Y,"5",certain,certain,02.01.07,,DAS1,,CAF1742,"214.3674823645918"
"1741",fault,Y,"5",certain,certain,02.01.07,,DAS1,Lidar,CAF1743,"168.2134185225716"
"1742",fault,N,"5",certain,certain,02.01.03,,DAS1,Lidar,CAF1744,"87.50113358668241"
"1743",contact,N,"5",certain,certain,01.01.01,,DAS1,,CAF1745,"1078.262733636164"
"1744",contact,N,"5",certain,certain,01.01.01,,DAS1,,CAF1746,"443.185580710798"
"1745",contact,N,"5",certain,certain,01.01.01,,DAS1,,CAF1747,"970.5588422295"
"1746",contact,N,"5",certain,certain,01.01.01,,DAS1,,CAF1748,"1373.918776507935"
"1747",contact,N,"5",certain,certain,01.01.01,,DAS1,,CAF1749,"382.8190465193792"
"1748",contact,N,"5",certain,certain,01.01.01,,DAS1,,CAF1750,"1954.957964352455"
"1749",contact,N,"5",certain,certain,01.01.01,,DAS1,,CAF1751,"2820.302446513666"
"1750",contact,N,"5",certain,certain,01.01.01,,DAS1,,CAF1752,"949.2707660093615"
"1751",contact,N,"5",certain,certain,01.01.01,,DAS1,,CAF1753,"1677.263066198313"
"1752",contact,N,"5",certain,certain,01.01.01,,DAS1,,CAF1754,"742.5717115295727"
"1753",contact,N,"5",certain,certain,01.01.01,,DAS1,,CAF1755,"1123.26463794765"
"1754",contact,N,"5",certain,certain,01.01.01,,DAS1,,CAF1756,"490.0389914280757"
"1755",contact,N,"5",certain,certain,01.01.01,,DAS1,,CAF1757,"1901.745478674106"
"1756",contact,N,"5",certain,certain,01.01.01,,DAS1,,CAF1758,"1698.448819186519"
"1757",contact,N,"5",certain,certain,01.01.01,,DAS1,,CAF1759,"1683.167351859909"
"1758",contact,N,"5",certain,certain,01.01.01,,DAS1,,CAF1760,"2308.723530240718"
"1759",contact,N,"5",certain,certain,01.01.01,,DAS1,,CAF1761,"1172.793264587842"
"1760",contact,N,"5",certain,certain,01.01.01,,DAS1,,CAF1762,"505.3867580170459"
"1761",contact,N,"5",certain,certain,01.01.01,,DAS1,,CAF1763,"245.8264727392948"
"1762",fault,N,"5",certain,certain,02.01.01,,DAS1,,CAF1764,"50.54270109831286"
"1763",contact,N,"5",certain,certain,01.01.01,,DAS1,,CAF1765,"865.0439611162998"
"1764",fault,Y,"5",certain,certain,02.01.07,,DAS1,,CAF1766,"50.21720101190365"
"1765",contact,N,"5",certain,certain,01.01.01,,DAS1,,CAF1767,"876.2836551000906"
"1766",contact,N,"5",certain,certain,01.01.01,,DAS1,,CAF1768,"78.10892704681163"
"1767",fault,Y,"10",certain,certain,02.01.07,,DAS1,,CAF1769,"219.5623722809246"
"1768",contact,N,"5",certain,certain,01.01.01,,DAS1,,CAF1770,"645.959126007573"
"1769",contact,N,"5",certain,certain,01.01.01,,DAS1,,CAF1771,"1277.480307818268"
"1770",contact,N,"5",certain,certain,01.01.01,,DAS1,,CAF1772,"600.3562267857959"
"1771",fault,N,"5",certain,certain,02.06.01,Davis Creek fault,DAS1,Aerial Photo,CAF1773,"771.3479096868913"
"1772",fault,N,"10",certain,certain,02.01.03,,DAS1,,CAF1774,"146.8356151438704"
"1773",fault,N,"10",certain,certain,02.01.03,,DAS1,Field,CAF1775,"89.94178308466184"
"1774",fault,N,"5",certain,certain,02.01.01,,DAS1,Field,CAF1776,"137.1439056758403"
"1775",fault,N,"25",questionable,questionable,02.01.03,,DAS1,,CAF1777,"559.8421528039187"
"1776",fault,Y,"10",certain,certain,02.01.07,,DAS1,,CAF1778,"65.42961776856519"
"1777",fault,N,"10",certain,certain,02.01.03,,DAS1,,CAF1779,"227.634479283385"
"1778",fault,N,"25",questionable,questionable,02.01.05,,DAS1,,CAF1780,"1394.603089987664"
"1779",fault,N,"25",questionable,questionable,02.01.05,,DAS1,,CAF1781,"1898.540214775195"
"1780",fault,N,"25",questionable,questionable,02.01.05,,DAS1,,CAF1782,"790.8345290027657"
"1781",fault,N,"10",certain,certain,02.01.01,,DAS1,,CAF1783,"328.4990805041853"
"1782",fault,N,"25",certain,certain,02.01.05,,DAS1,,CAF1784,"645.0961682044801"
"1783",fault,N,"25",certain,certain,02.01.05,,DAS1,,CAF1785,"274.2045566324246"
"1784",fault,N,"25",questionable,questionable,02.01.05,,DAS1,,CAF1786,"411.1827389109438"
"1785",fault,N,"25",certain,certain,02.01.05,,DAS1,,CAF1787,"558.5755957808075"
"1786",fault,N,"25",questionable,questionable,02.01.05,,DAS1,,CAF1788,"954.8394488920205"
"1787",fault,N,"10",questionable,questionable,02.01.05,,DAS1,,CAF1789,"1138.460480531041"
"1788",fault,N,"10",questionable,questionable,02.01.05,,DAS1,,CAF1790,"498.9867400282506"
"1789",contact,N,"5",certain,certain,01.01.01,,DAS1,,CAF1791,"2113.077490875278"
"1790",fault,N,"25",questionable,questionable,02.01.05,,DAS1,,CAF1792,"623.9801694498996"
"1791",fault,N,"10",certain,certain,02.01.05,,DAS1,,CAF1793,"734.0608945322018"
"1792",contact,N,"5",certain,certain,01.01.01,,DAS1,,CAF1794,"461.7388668740299"
"1793",fault,Y,"10",certain,certain,02.01.07,,DAS1,,CAF1795,"122.9318291916742"
"1794",fault,N,"25",questionable,questionable,02.01.05,,DAS1,,CAF1796,"445.990503314719"
"1795",contact,N,"5",certain,certain,01.01.01,,DAS1,,CAF1797,"342.3760318591743"
"1796",fault,N,"5",certain,certain,02.01.01,,DAS1,Field,CAF1798,"87.00988078301074"
"1797",fault,Y,"5",certain,certain,02.01.07,,DAS1,Field,CAF1799,"32.14710721764886"
"1798",fault,N,"25",certain,certain,02.01.03,,DAS1,Field,CAF1800,"157.3559727512779"
"1799",fault,Y,"25",certain,certain,02.01.07,,DAS1,Field,CAF1801,"28.33115490137865"
"1800",fault,N,"25",certain,certain,02.01.03,,DAS1,Field,CAF1802,"37.15873130984694"
"1801",fault,Y,"25",certain,certain,02.01.07,,DAS1,Field,CAF1803,"33.4640589273356"
"1802",fault,Y,"5",questionable,questionable,02.01.07,,DAS1,Aerial Photo,CAF1804,"97.57334038572178"
"1803",contact,N,"5",certain,certain,01.01.01,,DAS1,Lidar,CAF1805,"332.455463839869"
"1804","fault, normal",N,"5",certain,certain,02.02.03,,DAS1,Field,CAF1806,"116.1013442584448"
"1805","fault, normal",Y,"5",certain,certain,02.02.07,,DAS1,Field,CAF1807,"195.4409318716788"
"1806","fault, normal",N,"5",certain,certain,02.02.03,,DAS1,Field,CAF1808,"146.3705227210575"
"1807","fault, normal",Y,"5",certain,certain,02.02.07,,DAS1,Field,CAF1809,"284.502818403111"
"1808",fault,N,"5",certain,certain,02.01.01,,DAS1,Aerial Photo,CAF1810,"31.96834636412509"
"1809",fault,Y,"5",certain,certain,02.01.07,,DAS1,Aerial Photo,CAF1811,"47.83308954667011"
"1810",fault,Y,"5",certain,certain,02.01.07,,DAS1,Aerial Photo,CAF1812,"9.470462547822972"
"1811",fault,N,"10",certain,certain,02.01.01,,DAS1,Aerial Photo,CAF1813,"650.5793755959152"
"1812",fault,N,"10",questionable,certain,02.01.01,,DAS1,,CAF1814,"850.8099793751734"
"1813",fault,N,"10",certain,certain,02.01.01,,DAS1,Aerial Photo,CAF1815,"430.1098488018487"
"1814",fault,N,"10",certain,certain,02.01.01,,DAS1,Aerial Photo,CAF1816,"198.1780804215474"
"1815",fault,N,"20",certain,certain,02.01.01,,DAS1,Aerial Photo,CAF1817,"108.2023322513835"
"1816",fault,N,"10",questionable,certain,02.01.03,,DAS1,,CAF1818,"369.8194461682139"
"1817",contact,N,"10",certain,certain,01.01.01,,DAS3,,CAF1819,"272.3871841985643"
"1818",fault,N,"10",certain,certain,02.06.03,,DAS1,Lidar,CAF1820,"1252.705013382201"
"1819",fault,N,"10",questionable,certain,02.06.03,,DAS1,,CAF1821,"722.0642628140949"
"1820",fault,N,"25",certain,certain,02.01.03,,DAS1,Lidar,CAF1822,"184.1409771699574"
"1821",fault,N,"10",certain,certain,02.06.03,,DAS1,,CAF1823,"332.4875703596755"
"1822",fault,N,"10",certain,certain,02.01.03,,DAS1,,CAF1824,"87.60351627209681"
"1823",contact,N,"5",certain,certain,01.01.01,,DAS1,Aerial Photo,CAF1825,"726.5276072248677"
"1824",fault,Y,"10",certain,certain,02.01.07,,DAS1,,CAF1826,"657.7228705402359"
"1825",contact,N,"5",certain,certain,01.01.01,,DAS1,,CAF1827,"91.71690561244672"
"1826",contact,Y,"15",certain,certain,01.01.07,,DAS1,,CAF1828,"72.86241658942937"
"1827",contact,Y,"10",certain,certain,01.01.07,,DAS1,,CAF1829,"98.97423141205394"
"1828",fault,Y,"5",certain,certain,02.01.07,,DAS1,,CAF1830,"317.7016852318395"
"1829",contact,N,"25",questionable,questionable,01.01.03,,DAS5,,CAF1831,"3072.176401099842"
"1830",fault,Y,"5",certain,certain,02.01.07,,DAS1,,CAF1832,"34.38833050506778"
"1831",fault,Y,"5",certain,certain,02.01.07,,DAS1,,CAF1833,"202.6711408724899"
"1832",contact,N,"5",certain,certain,01.01.01,,DAS1,,CAF1834,"758.6277321742039"
"1833",contact,N,"5",certain,certain,01.01.01,,DAS1,,CAF1835,"677.2367833560064"
"1834",fault,Y,"5",certain,certain,02.01.07,,DAS1,,CAF1836,"285.8334306502136"
"1835",fault,N,"15",certain,certain,02.01.03,,DAS1,,CAF1837,"59.60411462462711"
"1836",fault,Y,"25",questionable,questionable,02.01.07,,DAS1,,CAF1838,"186.0099917729974"
"1837",fault,Y,"25",questionable,questionable,02.01.07,,DAS1,,CAF1839,"183.6344845946425"
"1838",fault,Y,"20",certain,certain,02.01.07,,DAS1,,CAF1840,"1463.704608254651"
"1839",fault,Y,"10",certain,certain,02.01.07,,DAS1,,CAF1841,"294.3638879694273"
"1840",contact,N,"5",certain,certain,01.01.01,,DAS1,,CAF1842,"2612.75952783404"
"1841",fault,Y,"20",questionable,certain,02.01.07,,DAS1,,CAF1843,"487.7621988846813"
"1842",fault,N,"15",questionable,questionable,02.01.03,,DAS1,,CAF1844,"778.0087918348704"
"1843",fault,N,"20",questionable,certain,02.01.03,,DAS1,,CAF1845,"362.4399582511773"
"1844",fault,N,"20",questionable,certain,02.01.03,,DAS1,,CAF1846,"375.2972842630871"
"1845",fault,Y,"25",questionable,questionable,02.01.07,,DAS1,,CAF1847,"86.98728693872171"
"1846",fault,Y,"20",questionable,questionable,02.01.07,,DAS1,,CAF1848,"71.41218368876638"
"1847",fault,N,"20",questionable,questionable,02.01.03,,DAS1,,CAF1849,"126.4776648697417"
"1848",contact,N,"5",certain,certain,01.01.01,,DAS1,Aerial Photo,CAF1850,"109.2369264204579"
"1849",contact,Y,"5",certain,certain,01.01.07,,DAS1,Aerial Photo,CAF1851,"82.97420403814527"
"1850",fault,N,"25",questionable,questionable,02.01.04,,DAS1,,CAF1852,"388.7084932428236"
"1851",fault,Y,"5",certain,certain,02.01.07,,DAS1,Aerial Photo,CAF1853,"23.86402343991868"
"1852",fault,Y,"15",certain,certain,02.01.07,,DAS1,,CAF1854,"80.70360383988907"
"1853",fault,N,"20",questionable,questionable,02.01.03,,DAS1,,CAF1855,"634.7870186590216"
"1854",fault,N,"5",certain,certain,02.01.01,,DAS1,Aerial Photo,CAF1856,"726.3003909015573"
"1855",fault,N,"10",certain,certain,02.01.01,,DAS1,,CAF1857,"667.1388887314382"
"1856",fault,N,"20",certain,questionable,02.02.03,,DAS1,,CAF1858,"93.95411960284125"
"1857",fault,Y,"20",certain,questionable,02.02.07,,DAS1,,CAF1859,"100.0335541664177"
"1858",fault,N,"10",certain,questionable,02.02.03,,DAS1,,CAF1860,"36.87693978548543"
"1859",fault,Y,"20",certain,questionable,02.02.07,,DAS1,,CAF1861,"325.2211622948262"
"1860",fault,Y,"10",certain,questionable,02.01.07,,DAS1,,CAF1862,"246.1843358284061"
"1861",fault,Y,"10",certain,questionable,02.01.07,,DAS1,,CAF1863,"383.9642528108654"
"1862",fault,N,"5",certain,certain,02.01.01,,DAS1,,CAF1864,"377.8552944923118"
"1863",fault,N,"5",certain,certain,02.01.01,,DAS1,Field,CAF1865,"853.3353724724096"
"1864",fault,N,"5",certain,certain,02.01.01,,DAS1,Field,CAF1866,"1777.339058748088"
"1865",contact,N,"10",certain,certain,01.01.01,,DAS1,Field,CAF1867,"21.52764587805019"
"1866",fault,N,"25",certain,certain,02.01.01,,DAS1,,CAF1868,"22.88278813164306"
"1867",fault,N,"25",questionable,questionable,02.01.03,,DAS1,,CAF1869,"85.43695842342377"
"1868",fault,N,"10",certain,certain,02.01.01,,DAS1,,CAF1870,"561.2670990101843"
"1869",fault,Y,"10",certain,certain,02.01.07,,DAS1,,CAF1871,"181.1140917727378"
"1870",fault,N,"10",certain,certain,02.01.01,,DAS1,,CAF1872,"509.6131113391566"
"1871",fault,N,"20",questionable,questionable,02.01.03,,DAS1,,CAF1873,"1756.124943589056"
"1872",fault,N,"25",questionable,questionable,02.01.05,,DAS1,,CAF1874,"613.3788390520841"
"1873",fault,N,"10",certain,certain,02.08.01,,DAS1,,CAF1875,"189.5916596883849"
"1874",fault,N,"25",certain,certain,02.01.01,,DAS1,,CAF1876,"602.9850141209547"
"1875",fault,N,"50",questionable,questionable,02.01.03,,DAS1,,CAF1877,"295.3867844264684"
"1876",fault,N,"5",certain,certain,02.01.01,,DAS1,Aerial Photo/ previous map,CAF1878,"880.161036064902"
"1877",fault,N,"20",questionable,questionable,02.01.05,,DAS1,,CAF1879,"773.8062289112256"
"1878",fault,Y,"10",certain,certain,02.01.07,,DAS1,,CAF1880,"135.4813195815909"
"1879",fault,N,"10",certain,certain,02.01.03,,DAS1,,CAF1881,"48.75644426572001"
"1880",fault,Y,"10",certain,certain,02.01.07,,DAS1,,CAF1882,"82.20173302757117"
"1881",fault,N,"10",certain,certain,02.01.03,,DAS1,,CAF1883,"75.43272567682455"
"1882",fault,Y,"10",certain,certain,02.01.07,,DAS1,,CAF1884,"77.14245789564724"
"1883",fault,N,"10",certain,certain,02.01.03,,DAS1,,CAF1885,"15.51909263713853"
"1884",fault,Y,"10",certain,certain,02.01.07,,DAS1,,CAF1886,"80.12460573120623"
"1885",fault,N,"20",questionable,questionable,02.01.03,,DAS1,,CAF1887,"919.3849304201805"
"1886",fault,N,"30",certain,certain,02.01.03,,DAS2,,CAF1888,"1666.006499167013"
"1887",fault,N,"5",certain,certain,02.01.01,,DAS1,Aerial Photo,CAF1889,"601.4838721624664"
"1888",fault,Y,"30",certain,certain,02.01.07,,DAS2,,CAF1890,"866.9623601105814"
"1889",fault,Y,"30",certain,certain,02.01.07,,DAS2,,CAF1891,"190.7118863586573"
"1890",fault,N,"30",certain,certain,02.01.03,,DAS2,,CAF1892,"133.9765759324467"
"1891",fault,N,"25",questionable,questionable,02.01.05,,DAS2,,CAF1893,"1540.725227965263"
"1892",fault,N,"25",questionable,questionable,02.01.05,,DAS2,,CAF1894,"749.0506509904449"
"1893",fault,N,"25",questionable,questionable,02.01.05,,DAS1,,CAF1895,"793.1428976738327"
"1894",fault,Y,"25",questionable,questionable,02.01.07,,DAS1,,CAF1896,"461.3232009272747"
"1895",fault,N,"10",certain,certain,02.01.01,,DAS1,,CAF1897,"461.8990617136089"
"1896",fault,Y,"10",certain,certain,02.01.07,,DAS1,,CAF1898,"101.2831019973832"
"1897",contact,N,"20",certain,certain,01.01.01,,DAS1,,CAF1899,"1175.71878920419"
"1898","fault, thrust",N,"20",certain,certain,02.08.03,Soda Creek thrust,DAS1,Aerial Photo,CAF1900,"82.83368821561403"
"1899","fault, thrust",N,"50",questionable,certain,02.08.03,,DAS1,,CAF1901,"648.289384922886"
"1900",fault,N,"50",certain,certain,02.01.03,,DAS1,,CAF1902,"913.105285955018"
"1901",fault,N,"50",certain,certain,02.01.03,,DAS1,,CAF1903,"364.1933782805883"
"1902",fault,N,"50",certain,certain,02.01.03,,DAS1,,CAF1904,"156.8429234598474"
"1903",fault,N,"20",certain,certain,02.01.03,,DAS1,,CAF1905,"2983.446610692758"
"1904",fault,N,"100",certain,certain,02.01.03,,DAS1,,CAF1906,"1057.407329659209"
"1905",fault,N,"100",certain,certain,02.01.03,,DAS1,,CAF1907,"3215.977077951324"
"1906",fault,N,"10",questionable,questionable,02.01.03,,DAS1,,CAF1908,"1522.662449138908"
"1907",fault,N,"10",questionable,questionable,02.01.03,,DAS1,,CAF1909,"764.0246399824483"
"1908",fault,N,"10",questionable,questionable,02.01.03,,DAS1,,CAF1910,"1287.323513665242"
"1909",fault,N,"50",certain,certain,02.01.03,,DAS1,,CAF1911,"1236.865068795586"
"1910",fault,N,"10",certain,certain,02.01.03,,DAS1,,CAF1912,"611.6871045567923"
"1911",fault,N,"10",certain,certain,02.02.01,,DAS1,,CAF1913,"148.118448948674"
"1912",contact,N,"5",certain,certain,01.01.01,,DAS1,Field,CAF1914,"262.0890948310434"
"1913",fault,N,"10",certain,certain,02.01.07,,DAS1,,CAF1915,"212.1683853240941"
"1914",contact,N,"5",certain,certain,01.01.01,,DAS1,,CAF1916,"289.8829876324757"
"1915",fault,N,"5",certain,certain,01.01.01,,DAS1,,CAF1917,"253.2098793285017"
"1916",fault,N,"5",certain,certain,02.01.03,,DAS1,,CAF1918,"269.7720822742113"
"1917",fault,N,"5",certain,certain,02.01.07,,DAS1,,CAF1919,"120.7976436270541"
"1918",contact,N,"20",certain,certain,01.01.03,,DAS1,,CAF1921,"283.0809412072882"
"1919",fault,Y,"10",certain,certain,02.01.07,,DAS1,,CAF1922,"68.14584935662417"
"1920",contact,N,"5",certain,certain,01.01.01,,DAS1,,CAF1923,"647.3487938451841"
"1921",contact,Y,"5",certain,certain,01.01.07,,DAS1,Field,CAF1924,"200.3166996036036"
"1922",contact,N,"5",certain,certain,01.01.01,,DAS1,Field,CAF1925,"4465.261269425739"
"1923",fault,N,"25",questionable,certain,02.01.04,,DAS1,,CAF1926,"493.2776799663509"
"1924",contact,N,"5",certain,certain,01.01.01,,DAS1,,CAF1927,"858.3160153193586"
"1925",contact,N,"5",certain,certain,01.01.01,,DAS1,,CAF1928,"819.0329698536581"
"1926",fault,N,"5",certain,certain,02.01.07,,DAS1,Aerial Photo,CAF1929,"116.4449854754275"
"1927",fault,N,"5",certain,certain,02.01.01,,DAS1,Aerial Photo,CAF1930,"134.619784215003"
"1928",fault,N,"5",certain,certain,02.01.01,,DAS1,Aerial Photo,CAF1931,"127.1450678797509"
"1929",fault,Y,"5",certain,certain,02.08.07,,DAS1,,CAF1932,"113.970115317537"
"1930",fault,Y,"5",certain,certain,02.08.07,,DAS1,,CAF1933,"83.46195930456278"
"1931","fault, thrust",Y,"5",certain,certain,02.08.01,,DAS1,,CAF1934,"41.04896762030123"
"1932",fault,N,"5",certain,certain,02.01.01,,DAS1,,CAF1935,"531.1521494145079"
"1933",fault,N,"5",certain,certain,02.01.01,,DAS1,,CAF1936,"505.1912857431429"
"1934","fault, thrust",N,"5",certain,certain,02.08.01,,DAS1,Aerial Photo,CAF1937,"723.9314962748224"
"1935","fault, thrust",N,"5",certain,certain,02.08.07,,DAS1,Aerial Photo,CAF1938,"75.77471472603831"
"1936",fault,N,"5",certain,certain,02.07.01,,DAS1,,CAF1939,"1236.790785728904"
"1937",fault,N,"5",certain,certain,02.07.07,,DAS1,,CAF1940,"334.5203267351095"
"1938",fault,N,"5",certain,certain,02.07.01,,DAS1,,CAF1941,"97.04828361838538"
"1939",fault,N,"5",certain,certain,02.07.07,,DAS1,,CAF1942,"44.30280220785308"
"1940",contact,Y,"5",certain,certain,01.01.07,,DAS1,,CAF1943,"78.83246219065214"
"1941",contact,N,"25",certain,certain,01.01.03,,DAS1,,CAF1944,"679.8605780713149"
"1942",contact,N,"25",certain,certain,01.01.03,,DAS1,,CAF1945,"305.9294534226"
"1943",contact,N,"25",certain,certain,01.01.03,,DAS1,,CAF1946,"62.13940793372441"
"1944",contact,N,"25",certain,certain,01.01.07,,DAS1,,CAF1947,"166.2333083895571"
"1945",contact,Y,"25",certain,certain,01.01.07,,DAS1,,CAF1948,"454.6232143044543"
"1946",contact,N,"10",certain,certain,01.01.01,,DAS1,,CAF1949,"889.9610659491843"
"1947",fault,N,"25",questionable,certain,02.01.04,,DAS1,,CAF1950,"221.0757440187671"
"1948","fault, thrust",N,"5",certain,questionable,02.08.01,,DAS1,,CAF1951,"2494.975065124319"
"1949","fault, thrust",N,"20",certain,questionable,02.08.03,,DAS1,,CAF1952,"954.8271861433162"
"1950","fault, thrust",N,"5",certain,questionable,02.08.01,,DAS1,,CAF1953,"899.5875748513353"
"1951",contact,N,"5",certain,certain,01.01.01,,DAS1,Aerial Photo,CAF1954,"318.319164162317"
"1952",fault,N,"10",certain,certain,02.06.03,,DAS1,Aerial Photo,CAF1955,"123.7418918301675"
"1953",contact,N,"10",certain,certain,01.01.03,,DAS1,,CAF1956,"1148.245001236142"
"1954",contact,Y,"10",certain,certain,01.01.07,,DAS1,,CAF1957,"203.0299154504008"
"1955",fault,N,"5",certain,certain,02.01.01,,DAS1,Field,CAF1958,"85.54566988751959"
"1956",fault,Y,"5",certain,certain,02.01.07,,DAS1,Field,CAF1959,"52.15167885240928"
"1960",fault,N,"5",certain,certain,02.01.01,,DAS1,Aerial Photo,CAF1965,"601.7662082815244"
"1962",fault,Y,"5",certain,certain,02.01.07,,DAS1,Aerial Photo,CAF1966,"145.3923214784044"
"1963",fault,N,"10",certain,certain,02.01.07,,DAS1,,CAF0179,"642.9079402583244"
"1964",fault,N,"10",questionable,questionable,02.01.04,,DAS1,,CAF1962,"184.3244752336055"
"1965",fault,N,"5",certain,certain,02.01.01,,DAS1,,CAF1963,"98.67346717470051"
"2010",fault,N,"20",certain,certain,02.13.04,Bartlett Springs fault,DAS8,,CAF1961,"41298.22795461817"
"2011",fault,N,"20",certain,certain,02.13.04,Berryessa fault,DAS7,,CAF1960,"1025.978593388871"
"2012",fault,N,"20",certain,certain,02.13.04,Berryessa fault,DAS7,,CAF1967,"1248.525037766522"
"2013",fault,N,"20",certain,certain,02.13.04,Berryessa fault,DAS7,,CAF1968,"580.0414424974279"
"2014",fault,N,"20",certain,certain,02.13.04,Berryessa fault,DAS7,,CAF1969,"361.2533301571831"
"2015",fault,N,"20",certain,certain,02.13.04,Berryessa fault,DAS7,,CAF1970,"1166.550289076856"
"2016",fault,N,"20",certain,certain,02.13.04,Berryessa fault,DAS7,,CAF1971,"1235.302876545101"
"2017",fault,N,"20",certain,certain,02.13.04,Berryessa fault,DAS7,,CAF1972,"463.4374574348445"
"2018",fault,N,"20",certain,certain,02.13.04,Berryessa fault,DAS7,,CAF1973,"174.0231652761782"
"2019",fault,N,"20",certain,certain,02.13.04,Berryessa fault,DAS7,,CAF1974,"147.0199632919794"
"2020",fault,N,"20",certain,certain,02.13.04,Berryessa fault,DAS7,,CAF1975,"760.4747236404319"
"2021",fault,N,"20",certain,certain,02.13.04,Berryessa fault,DAS7,,CAF1976,"1425.38632801664"
"2022",fault,N,"20",certain,certain,02.13.04,Berryessa fault,DAS7,,CAF1977,"347.5742694968046"
"2023",fault,N,"20",certain,certain,02.13.04,Berryessa fault,DAS7,,CAF1978,"313.2452657183753"
"2024",fault,N,"20",certain,certain,02.13.04,Berryessa fault,DAS7,,CAF1979,"318.5363469382817"
"2025",fault,N,"20",certain,certain,02.13.04,Berryessa fault,DAS7,,CAF1980,"211.9569710795339"
"2026",fault,N,"20",certain,certain,02.13.04,Berryessa fault,DAS7,,CAF1981,"253.2101243464305"
"2027",fault,N,"20",certain,certain,02.13.04,Berryessa fault,DAS7,,CAF1982,"82.55551605780765"
"2028",fault,N,"20",certain,certain,02.13.04,Berryessa fault,DAS7,,CAF1983,"123.8509124808049"
"2029",fault,N,"20",certain,certain,02.13.04,Berryessa fault,DAS7,,CAF1984,"139.8119115101348"
"2030",fault,N,"20",certain,certain,02.13.04,Berryessa fault,DAS7,,CAF1985,"2239.391059627176"
"2031",fault,N,"20",certain,certain,02.13.04,Berryessa fault,DAS7,,CAF1986,"4855.576041466838"
"2032",fault,N,"20",certain,certain,02.13.04,Berryessa fault,DAS7,,CAF1987,"53.14173438754008"
"2033",fault,N,"20",certain,certain,02.13.04,Berryessa fault,DAS7,,CAF1988,"76.70779356202604"
"2034",fault,N,"20",certain,certain,02.13.04,Berryessa fault,DAS7,,CAF1989,"1408.441718387613"
"2035",fault,N,"20",certain,certain,02.13.04,Berryessa fault,DAS7,,CAF1990,"187.2085961731748"
"2036",fault,N,"20",certain,certain,02.13.04,Berryessa fault,DAS7,,CAF1991,"378.5536289862738"
"2037",fault,N,"20",certain,certain,02.13.04,Berryessa fault,DAS7,,CAF1992,"650.9230202796346"
"2038",fault,N,"20",certain,certain,02.13.04,Berryessa fault,DAS7,,CAF1993,"2405.208703150525"
"2039",fault,N,"20",certain,certain,02.13.04,Berryessa fault,DAS7,,CAF1994,"853.0186582005682"
"2040",fault,N,"20",certain,certain,02.13.04,Berryessa fault,DAS7,,CAF1995,"80.9183550462233"
"2041",fault,N,"20",certain,certain,02.13.04,Berryessa fault,DAS7,,CAF1996,"958.4204500766405"
"2042",fault,N,"20",certain,certain,02.13.04,Berryessa fault,DAS7,,CAF1997,"235.1308283416737"
"2043",fault,N,"20",certain,certain,02.13.04,Berryessa fault,DAS7,,CAF1998,"48.18911259503894"
"2044",fault,N,"20",certain,certain,02.13.04,Berryessa fault,DAS7,,CAF1999,"146.9371452674103"
"2045",fault,N,"20",certain,certain,02.13.04,Berryessa fault,DAS7,,CAF2000,"178.3725407687057"
"2046",fault,N,"20",certain,certain,02.13.04,Berryessa fault,DAS7,,CAF2001,"223.004258124733"
"2047",fault,N,"20",certain,certain,02.13.04,Berryessa fault,DAS7,,CAF2002,"1157.876047847378"
"2048",fault,N,"20",certain,certain,02.13.04,Berryessa fault,DAS7,,CAF2003,"330.016288517223"
"2049",fault,N,"20",certain,certain,02.13.04,Berryessa fault,DAS7,,CAF2004,"314.7566310029545"
"2050",fault,N,"20",certain,certain,02.13.04,Berryessa fault,DAS7,,CAF2005,"596.3808589388716"
"2051",fault,N,"20",certain,certain,02.13.04,Berryessa fault,DAS7,,CAF2006,"1017.305760005769"
"2052",fault,N,"20",certain,certain,02.13.04,Berryessa fault,DAS7,,CAF2007,"2139.294656027708"
"2053",fault,N,"20",certain,certain,02.13.04,Berryessa fault,DAS7,,CAF2008,"396.6090736706277"
